,CV,time,AHT,AQT,minute,hour,day,month
0,127,2018-05-01 07:30:00,507.6929133858268,1.3700787401574803,30,7,TU,5
1,290,2018-05-01 08:00:00,570.9,2.5551724137931036,0,8,TU,5
2,338,2018-05-01 08:30:00,565.7692307692307,5.5828402366863905,30,8,TU,5
3,466,2018-05-01 09:00:00,572.9270386266095,23.90343347639485,0,9,TU,5
4,580,2018-05-01 09:30:00,567.1689655172414,82.7448275862069,30,9,TU,5
5,577,2018-05-01 10:00:00,600.1265164644714,90.09878682842287,0,10,TU,5
6,512,2018-05-01 10:30:00,650.599609375,24.212890625,30,10,TU,5
7,539,2018-05-01 11:30:00,616.0166975881261,66.63265306122449,30,11,TU,5
8,550,2018-05-01 12:00:00,606.1945454545455,67.84727272727272,0,12,TU,5
9,539,2018-05-01 12:30:00,592.7142857142857,14.675324675324676,30,12,TU,5
10,518,2018-05-01 13:30:00,595.3938223938223,36.8938223938224,30,13,TU,5
11,533,2018-05-01 14:30:00,603.7617260787993,68.15384615384616,30,14,TU,5
12,473,2018-05-01 15:00:00,591.5496828752642,110.34249471458774,0,15,TU,5
13,446,2018-05-01 15:30:00,647.9035874439462,6.533632286995516,30,15,TU,5
14,467,2018-05-01 16:30:00,563.2847965738758,95.59743040685225,30,16,TU,5
15,304,2018-05-01 17:30:00,620.5493421052631,267.2236842105263,30,17,TU,5
16,211,2018-05-01 18:00:00,526.2417061611375,217.65402843601896,0,18,TU,5
17,154,2018-05-01 18:30:00,533.3181818181819,48.214285714285715,30,18,TU,5
18,6,2018-05-01 19:00:00,99.0,93.16666666666667,0,19,TU,5
19,3,2018-05-01 19:30:00,301.0,0.6666666666666666,30,19,TU,5
20,105,2018-05-02 07:30:00,489.79047619047617,2.1809523809523808,30,7,W,5
21,210,2018-05-02 08:00:00,539.4238095238095,13.652380952380952,0,8,W,5
22,233,2018-05-02 08:30:00,600.2145922746781,2.609442060085837,30,8,W,5
23,418,2018-05-02 09:00:00,595.6578947368421,12.160287081339712,0,9,W,5
24,441,2018-05-02 09:30:00,611.8707482993198,57.35374149659864,30,9,W,5
25,417,2018-05-02 10:00:00,562.189448441247,67.14148681055156,0,10,W,5
26,445,2018-05-02 10:30:00,614.8134831460674,43.69662921348315,30,10,W,5
27,422,2018-05-02 11:30:00,680.3625592417062,3.4075829383886256,30,11,W,5
28,436,2018-05-02 12:00:00,576.5550458715596,4.896788990825688,0,12,W,5
29,464,2018-05-02 12:30:00,629.3943965517242,2.5,30,12,W,5
30,387,2018-05-02 13:30:00,618.3617571059432,7.069767441860465,30,13,W,5
31,413,2018-05-02 14:30:00,573.8377723970945,3.774818401937046,30,14,W,5
32,356,2018-05-02 15:00:00,532.556179775281,1.3792134831460674,0,15,W,5
33,363,2018-05-02 15:30:00,625.2561983471074,1.7796143250688705,30,15,W,5
34,378,2018-05-02 16:30:00,651.8915343915344,112.3015873015873,30,16,W,5
35,265,2018-05-02 17:30:00,586.6641509433962,199.57735849056604,30,17,W,5
36,160,2018-05-02 18:00:00,622.9,45.68125,0,18,W,5
37,129,2018-05-02 18:30:00,446.93023255813955,117.51937984496124,30,18,W,5
38,6,2018-05-02 19:00:00,178.0,22.333333333333332,0,19,W,5
39,3,2018-05-02 19:30:00,203.66666666666666,4.333333333333333,30,19,W,5
40,93,2018-05-03 07:30:00,542.5268817204301,2.6236559139784945,30,7,TH,5
41,176,2018-05-03 08:00:00,564.6761363636364,2.3636363636363638,0,8,TH,5
42,254,2018-05-03 08:30:00,509.9251968503937,2.921259842519685,30,8,TH,5
43,417,2018-05-03 09:00:00,493.6594724220623,18.968824940047963,0,9,TH,5
44,465,2018-05-03 09:30:00,559.2086021505377,21.683870967741935,30,9,TH,5
45,495,2018-05-03 10:00:00,551.779797979798,16.294949494949496,0,10,TH,5
46,548,2018-05-03 10:30:00,521.551094890511,19.656934306569344,30,10,TH,5
47,549,2018-05-03 11:30:00,556.6921675774134,2.493624772313297,30,11,TH,5
48,507,2018-05-03 12:00:00,577.5069033530572,14.337278106508876,0,12,TH,5
49,460,2018-05-03 12:30:00,622.5282608695652,19.734782608695653,30,12,TH,5
50,452,2018-05-03 13:30:00,624.6194690265487,12.132743362831858,30,13,TH,5
51,415,2018-05-03 14:30:00,563.8361445783132,16.46265060240964,30,14,TH,5
52,488,2018-05-03 15:00:00,602.530737704918,6.157786885245901,0,15,TH,5
53,501,2018-05-03 15:30:00,542.0339321357285,52.10978043912176,30,15,TH,5
54,326,2018-05-03 16:30:00,485.7269938650307,4.300613496932515,30,16,TH,5
55,305,2018-05-03 17:30:00,576.1475409836065,153.58688524590164,30,17,TH,5
56,160,2018-05-03 18:00:00,565.09375,311.88125,0,18,TH,5
57,113,2018-05-03 18:30:00,516.2035398230089,187.23893805309734,30,18,TH,5
58,10,2018-05-03 19:00:00,402.6,6.7,0,19,TH,5
59,4,2018-05-03 19:30:00,46.75,300.0,30,19,TH,5
60,95,2018-05-04 07:30:00,460.37894736842105,6.484210526315789,30,7,F,5
61,255,2018-05-04 08:00:00,458.6666666666667,14.184313725490195,0,8,F,5
62,261,2018-05-04 08:30:00,591.8544061302682,2.003831417624521,30,8,F,5
63,405,2018-05-04 09:00:00,592.9827160493827,53.925925925925924,0,9,F,5
64,477,2018-05-04 09:30:00,535.1530398322851,119.33542976939204,30,9,F,5
65,412,2018-05-04 10:00:00,625.492718446602,35.570388349514566,0,10,F,5
66,453,2018-05-04 10:30:00,634.4083885209714,9.512141280353202,30,10,F,5
67,449,2018-05-04 11:30:00,409.728285077951,37.371937639198215,30,11,F,5
68,474,2018-05-04 12:00:00,566.5675105485232,33.35021097046413,0,12,F,5
69,330,2018-05-04 12:30:00,590.0939393939394,41.52424242424242,30,12,F,5
70,375,2018-05-04 13:30:00,542.584,22.829333333333334,30,13,F,5
71,268,2018-05-04 14:30:00,464.81716417910445,99.02611940298507,30,14,F,5
72,323,2018-05-04 15:00:00,627.0247678018576,53.38390092879257,0,15,F,5
73,367,2018-05-04 15:30:00,621.3732970027248,17.07356948228883,30,15,F,5
74,303,2018-05-04 16:30:00,628.8613861386139,194.4884488448845,30,16,F,5
75,179,2018-05-04 17:30:00,514.8435754189944,199.7709497206704,30,17,F,5
76,125,2018-05-04 18:00:00,545.336,37.28,0,18,F,5
77,143,2018-05-04 18:30:00,500.74825174825173,296.9160839160839,30,18,F,5
78,2,2018-05-04 19:00:00,124.0,1.0,0,19,F,5
79,1,2018-05-04 19:30:00,101.0,12.0,30,19,F,5
80,184,2018-05-07 07:30:00,525.8478260869565,1.673913043478261,30,7,M,5
81,344,2018-05-07 08:00:00,514.5377906976744,52.781976744186046,0,8,M,5
82,331,2018-05-07 08:30:00,628.3595166163142,6.586102719033232,30,8,M,5
83,478,2018-05-07 09:00:00,629.1548117154812,63.32217573221757,0,9,M,5
84,493,2018-05-07 09:30:00,579.6044624746451,56.953346855983774,30,9,M,5
85,573,2018-05-07 10:00:00,551.2076788830716,115.89179755671903,0,10,M,5
86,572,2018-05-07 10:30:00,603.034965034965,132.08391608391608,30,10,M,5
87,540,2018-05-07 11:30:00,578.9666666666667,234.80925925925925,30,11,M,5
88,582,2018-05-07 12:00:00,563.3109965635739,179.659793814433,0,12,M,5
89,592,2018-05-07 12:30:00,629.0489864864865,137.7668918918919,30,12,M,5
90,499,2018-05-07 13:30:00,667.1763527054109,45.811623246492985,30,13,M,5
91,488,2018-05-07 14:30:00,634.0860655737705,101.94262295081967,30,14,M,5
92,506,2018-05-07 15:00:00,638.5750988142292,28.697628458498023,0,15,M,5
93,548,2018-05-07 15:30:00,624.5693430656934,56.574817518248175,30,15,M,5
94,425,2018-05-07 16:30:00,636.6847058823529,2.7458823529411767,30,16,M,5
95,323,2018-05-07 17:30:00,618.9473684210526,20.28173374613003,30,17,M,5
96,226,2018-05-07 18:00:00,666.4911504424779,4.376106194690266,0,18,M,5
97,202,2018-05-07 18:30:00,551.6039603960396,11.925742574257425,30,18,M,5
98,6,2018-05-07 19:00:00,304.0,18.333333333333332,0,19,M,5
99,9,2018-05-07 19:30:00,467.44444444444446,79.88888888888889,30,19,M,5
100,154,2018-05-08 07:30:00,471.7597402597403,2.0584415584415585,30,7,TU,5
101,242,2018-05-08 08:00:00,534.1280991735537,4.723140495867769,0,8,TU,5
102,243,2018-05-08 08:30:00,601.7119341563786,14.11522633744856,30,8,TU,5
103,401,2018-05-08 09:00:00,606.1995012468828,25.850374064837904,0,9,TU,5
104,371,2018-05-08 09:30:00,565.1913746630728,24.28032345013477,30,9,TU,5
105,417,2018-05-08 10:00:00,637.2565947242206,16.700239808153476,0,10,TU,5
106,378,2018-05-08 10:30:00,598.3941798941798,30.243386243386244,30,10,TU,5
107,418,2018-05-08 11:30:00,622.7751196172248,4.916267942583732,30,11,TU,5
108,463,2018-05-08 12:00:00,606.9827213822895,11.673866090712743,0,12,TU,5
109,436,2018-05-08 12:30:00,618.9954128440367,12.477064220183486,30,12,TU,5
110,444,2018-05-08 13:30:00,627.3018018018018,24.21846846846847,30,13,TU,5
111,411,2018-05-08 14:30:00,579.2335766423357,26.40389294403893,30,14,TU,5
112,427,2018-05-08 15:00:00,563.0304449648712,6.100702576112412,0,15,TU,5
113,357,2018-05-08 15:30:00,637.453781512605,1.8207282913165266,30,15,TU,5
114,335,2018-05-08 16:30:00,620.3910447761194,50.55223880597015,30,16,TU,5
115,240,2018-05-08 17:30:00,659.4833333333333,77.34166666666667,30,17,TU,5
116,158,2018-05-08 18:00:00,656.8924050632911,11.259493670886076,0,18,TU,5
117,136,2018-05-08 18:30:00,561.2794117647059,1.0808823529411764,30,18,TU,5
118,6,2018-05-08 19:00:00,429.3333333333333,1.0,0,19,TU,5
119,1,2018-05-08 19:30:00,1486.0,6.0,30,19,TU,5
120,104,2018-05-09 07:30:00,471.36538461538464,20.115384615384617,30,7,W,5
121,212,2018-05-09 08:00:00,581.877358490566,4.811320754716981,0,8,W,5
122,245,2018-05-09 08:30:00,575.7918367346939,6.502040816326531,30,8,W,5
123,353,2018-05-09 09:00:00,566.4419263456091,7.056657223796034,0,9,W,5
124,356,2018-05-09 09:30:00,604.376404494382,24.665730337078653,30,9,W,5
125,356,2018-05-09 10:00:00,616.7050561797753,150.2191011235955,0,10,W,5
126,290,2018-05-09 10:30:00,551.5103448275862,19.75862068965517,30,10,W,5
127,320,2018-05-09 11:30:00,625.96875,4.490625,30,11,W,5
128,368,2018-05-09 12:00:00,652.7907608695652,5.8125,0,12,W,5
129,441,2018-05-09 12:30:00,665.4013605442177,25.34013605442177,30,12,W,5
130,344,2018-05-09 13:30:00,600.5290697674419,1.4912790697674418,30,13,W,5
131,413,2018-05-09 14:30:00,601.9733656174334,8.661016949152541,30,14,W,5
132,333,2018-05-09 15:00:00,589.0780780780781,10.7987987987988,0,15,W,5
133,329,2018-05-09 15:30:00,596.1884498480243,3.4893617021276597,30,15,W,5
134,310,2018-05-09 16:30:00,691.0774193548388,93.4258064516129,30,16,W,5
135,186,2018-05-09 17:30:00,674.4301075268817,1.6666666666666667,30,17,W,5
136,151,2018-05-09 18:00:00,614.7483443708609,4.7947019867549665,0,18,W,5
137,151,2018-05-09 18:30:00,462.73509933774835,32.841059602649004,30,18,W,5
138,2,2018-05-09 19:00:00,591.5,7.5,0,19,W,5
139,2,2018-05-09 19:30:00,358.0,8.0,30,19,W,5
140,123,2018-05-10 07:30:00,545.520325203252,2.6422764227642275,30,7,TH,5
141,195,2018-05-10 08:00:00,633.3179487179488,5.62051282051282,0,8,TH,5
142,243,2018-05-10 08:30:00,628.9300411522634,3.847736625514403,30,8,TH,5
143,384,2018-05-10 09:00:00,637.6744791666666,21.6171875,0,9,TH,5
144,476,2018-05-10 09:30:00,559.6596638655462,161.3109243697479,30,9,TH,5
145,287,2018-05-10 10:00:00,597.6829268292682,29.989547038327526,0,10,TH,5
146,373,2018-05-10 10:30:00,603.4798927613941,25.715817694369974,30,10,TH,5
147,378,2018-05-10 11:30:00,564.0608465608466,12.322751322751323,30,11,TH,5
148,382,2018-05-10 12:00:00,637.2643979057592,5.43717277486911,0,12,TH,5
149,400,2018-05-10 12:30:00,630.125,17.4475,30,12,TH,5
150,367,2018-05-10 13:30:00,633.1771117166212,1.6403269754768393,30,13,TH,5
151,335,2018-05-10 14:30:00,554.8477611940299,2.1194029850746268,30,14,TH,5
152,372,2018-05-10 15:00:00,588.3682795698925,2.204301075268817,0,15,TH,5
153,363,2018-05-10 15:30:00,613.6418732782369,2.9476584022038566,30,15,TH,5
154,305,2018-05-10 16:30:00,553.8491803278689,1.3737704918032787,30,16,TH,5
155,293,2018-05-10 17:30:00,652.4778156996587,70.80204778156997,30,17,TH,5
156,144,2018-05-10 18:00:00,635.6875,5.625,0,18,TH,5
157,141,2018-05-10 18:30:00,553.3049645390071,2.6808510638297873,30,18,TH,5
158,4,2018-05-10 19:00:00,21.5,6.5,0,19,TH,5
159,1,2018-05-10 19:30:00,283.0,8.0,30,19,TH,5
160,117,2018-05-11 07:30:00,472.64957264957263,2.358974358974359,30,7,F,5
161,225,2018-05-11 08:00:00,552.9466666666667,2.466666666666667,0,8,F,5
162,234,2018-05-11 08:30:00,614.3247863247864,15.581196581196581,30,8,F,5
163,353,2018-05-11 09:00:00,557.4645892351275,52.107648725212464,0,9,F,5
164,343,2018-05-11 09:30:00,592.6793002915452,4.180758017492711,30,9,F,5
165,460,2018-05-11 10:00:00,637.7760869565218,94.46739130434783,0,10,F,5
166,336,2018-05-11 10:30:00,698.6607142857143,11.470238095238095,30,10,F,5
167,460,2018-05-11 11:30:00,617.8717391304348,66.04782608695652,30,11,F,5
168,399,2018-05-11 12:00:00,693.8922305764411,30.152882205513784,0,12,F,5
169,422,2018-05-11 12:30:00,651.239336492891,17.097156398104264,30,12,F,5
170,399,2018-05-11 13:30:00,590.6842105263158,11.403508771929825,30,13,F,5
171,349,2018-05-11 14:30:00,659.6017191977078,5.793696275071634,30,14,F,5
172,382,2018-05-11 15:00:00,664.7356020942408,17.599476439790575,0,15,F,5
173,362,2018-05-11 15:30:00,639.1933701657458,10.845303867403315,30,15,F,5
174,295,2018-05-11 16:30:00,664.3864406779661,11.054237288135592,30,16,F,5
175,213,2018-05-11 17:30:00,680.6478873239437,27.6056338028169,30,17,F,5
176,152,2018-05-11 18:00:00,566.8092105263158,13.006578947368421,0,18,F,5
177,102,2018-05-11 18:30:00,475.9313725490196,1.0,30,18,F,5
178,3,2018-05-11 19:30:00,454.0,0.3333333333333333,30,19,F,5
179,155,2018-05-14 07:30:00,513.5032258064516,2.3419354838709676,30,7,M,5
180,284,2018-05-14 08:00:00,579.9612676056338,4.75,0,8,M,5
181,347,2018-05-14 08:30:00,583.1613832853026,18.219020172910664,30,8,M,5
182,542,2018-05-14 09:00:00,626.9723247232472,96.56826568265683,0,9,M,5
183,505,2018-05-14 09:30:00,631.4752475247525,115.02574257425742,30,9,M,5
184,475,2018-05-14 10:00:00,670.2421052631579,89.18947368421053,0,10,M,5
185,614,2018-05-14 10:30:00,592.200325732899,55.03745928338762,30,10,M,5
186,585,2018-05-14 11:30:00,595.3025641025641,119.99658119658119,30,11,M,5
187,564,2018-05-14 12:00:00,665.1382978723404,95.13297872340425,0,12,M,5
188,647,2018-05-14 12:30:00,569.4652241112829,64.55950540958268,30,12,M,5
189,522,2018-05-14 13:30:00,649.4501915708812,21.764367816091955,30,13,M,5
190,585,2018-05-14 14:30:00,562.876923076923,150.60683760683762,30,14,M,5
191,534,2018-05-14 15:00:00,669.5074906367041,72.25093632958801,0,15,M,5
192,472,2018-05-14 15:30:00,591.5233050847457,64.76271186440678,30,15,M,5
193,373,2018-05-14 16:30:00,561.798927613941,15.410187667560322,30,16,M,5
194,361,2018-05-14 17:30:00,607.1994459833795,54.00831024930748,30,17,M,5
195,176,2018-05-14 18:00:00,662.0113636363636,1.2613636363636365,0,18,M,5
196,153,2018-05-14 18:30:00,502.67973856209153,1.4052287581699345,30,18,M,5
197,10,2018-05-14 19:00:00,340.8,2.3,0,19,M,5
198,3,2018-05-14 19:30:00,656.6666666666666,1.0,30,19,M,5
199,142,2018-05-15 07:30:00,476.2887323943662,2.5,30,7,TU,5
200,246,2018-05-15 08:00:00,527.7723577235772,7.695121951219512,0,8,TU,5
201,301,2018-05-15 08:30:00,530.5847176079734,13.08970099667774,30,8,TU,5
202,419,2018-05-15 09:00:00,640.7899761336515,34.9236276849642,0,9,TU,5
203,442,2018-05-15 09:30:00,627.1538461538462,21.744343891402714,30,9,TU,5
204,487,2018-05-15 10:00:00,626.211498973306,29.80082135523614,0,10,TU,5
205,437,2018-05-15 10:30:00,626.8283752860411,14.958810068649885,30,10,TU,5
206,465,2018-05-15 11:30:00,597.0408602150537,8.270967741935484,30,11,TU,5
207,530,2018-05-15 12:00:00,599.4660377358491,15.875471698113207,0,12,TU,5
208,471,2018-05-15 12:30:00,631.4076433121019,11.968152866242038,30,12,TU,5
209,416,2018-05-15 13:30:00,664.7620192307693,22.201923076923077,30,13,TU,5
210,402,2018-05-15 14:30:00,642.9950248756219,28.930348258706466,30,14,TU,5
211,477,2018-05-15 15:00:00,533.1111111111111,14.236897274633124,0,15,TU,5
212,426,2018-05-15 15:30:00,578.5985915492957,14.687793427230046,30,15,TU,5
213,405,2018-05-15 16:30:00,608.3086419753087,5.362962962962963,30,16,TU,5
214,311,2018-05-15 17:30:00,580.3118971061093,49.09003215434084,30,17,TU,5
215,207,2018-05-15 18:00:00,601.2028985507246,49.391304347826086,0,18,TU,5
216,148,2018-05-15 18:30:00,465.9054054054054,75.28378378378379,30,18,TU,5
217,9,2018-05-15 19:00:00,260.44444444444446,4.777777777777778,0,19,TU,5
218,6,2018-05-15 19:30:00,630.1666666666666,0.5,30,19,TU,5
219,107,2018-05-16 07:30:00,533.6635514018692,3.9065420560747666,30,7,W,5
220,197,2018-05-16 08:00:00,590.9492385786803,6.3604060913705585,0,8,W,5
221,181,2018-05-16 08:30:00,528.9779005524862,1.4585635359116023,30,8,W,5
222,395,2018-05-16 09:00:00,660.3291139240506,47.99746835443038,0,9,W,5
223,342,2018-05-16 09:30:00,625.5701754385965,120.17251461988305,30,9,W,5
224,357,2018-05-16 10:00:00,635.8067226890756,11.098039215686274,0,10,W,5
225,363,2018-05-16 10:30:00,554.7878787878788,5.597796143250688,30,10,W,5
226,375,2018-05-16 11:30:00,606.6,12.552,30,11,W,5
227,433,2018-05-16 12:00:00,588.2632794457274,4.279445727482679,0,12,W,5
228,425,2018-05-16 12:30:00,655.2705882352941,9.094117647058823,30,12,W,5
229,341,2018-05-16 13:30:00,613.9296187683284,15.557184750733137,30,13,W,5
230,417,2018-05-16 14:30:00,615.5419664268585,11.316546762589928,30,14,W,5
231,378,2018-05-16 15:00:00,608.3068783068783,17.555555555555557,0,15,W,5
232,432,2018-05-16 15:30:00,637.636574074074,26.569444444444443,30,15,W,5
233,333,2018-05-16 16:30:00,627.4504504504505,77.69669669669669,30,16,W,5
234,237,2018-05-16 17:30:00,634.0168776371308,60.85232067510549,30,17,W,5
235,128,2018-05-16 18:00:00,690.5703125,78.2890625,0,18,W,5
236,90,2018-05-16 18:30:00,581.0444444444445,52.977777777777774,30,18,W,5
237,3,2018-05-16 19:00:00,843.3333333333334,11.333333333333334,0,19,W,5
238,109,2018-05-17 07:30:00,538.1192660550458,2.4311926605504586,30,7,TH,5
239,193,2018-05-17 08:00:00,589.9222797927462,17.632124352331605,0,8,TH,5
240,182,2018-05-17 08:30:00,541.5164835164835,2.0164835164835164,30,8,TH,5
241,383,2018-05-17 09:00:00,604.5535248041775,30.54569190600522,0,9,TH,5
242,415,2018-05-17 09:30:00,651.3493975903615,31.84578313253012,30,9,TH,5
243,434,2018-05-17 10:00:00,627.9285714285714,38.894009216589865,0,10,TH,5
244,392,2018-05-17 10:30:00,617.2448979591836,15.209183673469388,30,10,TH,5
245,520,2018-05-17 11:30:00,575.7576923076923,8.292307692307693,30,11,TH,5
246,456,2018-05-17 12:00:00,644.6842105263158,26.774122807017545,0,12,TH,5
247,444,2018-05-17 12:30:00,597.3468468468468,3.9932432432432434,30,12,TH,5
248,386,2018-05-17 13:30:00,604.7020725388601,8.55181347150259,30,13,TH,5
249,378,2018-05-17 14:30:00,614.7962962962963,1.8783068783068784,30,14,TH,5
250,470,2018-05-17 15:00:00,631.3872340425532,16.182978723404254,0,15,TH,5
251,483,2018-05-17 15:30:00,557.231884057971,101.19461697722568,30,15,TH,5
252,313,2018-05-17 16:30:00,641.076677316294,2.450479233226837,30,16,TH,5
253,255,2018-05-17 17:30:00,623.6117647058824,49.325490196078434,30,17,TH,5
254,145,2018-05-17 18:00:00,722.648275862069,12.889655172413793,0,18,TH,5
255,94,2018-05-17 18:30:00,514.8510638297872,1.1063829787234043,30,18,TH,5
256,8,2018-05-17 19:00:00,98.25,5.5,0,19,TH,5
257,4,2018-05-17 19:30:00,98.25,12.5,30,19,TH,5
258,112,2018-05-18 07:30:00,500.9107142857143,2.2410714285714284,30,7,F,5
259,204,2018-05-18 08:00:00,589.2205882352941,2.446078431372549,0,8,F,5
260,247,2018-05-18 08:30:00,541.1740890688259,1.4129554655870444,30,8,F,5
261,418,2018-05-18 09:00:00,577.3277511961722,122.00239234449761,0,9,F,5
262,396,2018-05-18 09:30:00,594.5328282828283,83.22474747474747,30,9,F,5
263,450,2018-05-18 10:00:00,623.4222222222222,117.42444444444445,0,10,F,5
264,415,2018-05-18 10:30:00,605.9903614457832,50.9277108433735,30,10,F,5
265,452,2018-05-18 11:30:00,608.5398230088496,33.008849557522126,30,11,F,5
266,429,2018-05-18 12:00:00,636.4615384615385,125.48018648018648,0,12,F,5
267,429,2018-05-18 12:30:00,593.2167832167833,57.98368298368298,30,12,F,5
268,386,2018-05-18 13:30:00,599.8575129533679,11.823834196891191,30,13,F,5
269,435,2018-05-18 14:30:00,645.5172413793103,84.13103448275862,30,14,F,5
270,463,2018-05-18 15:00:00,608.5053995680346,96.00647948164146,0,15,F,5
271,347,2018-05-18 15:30:00,553.5417867435159,74.96541786743516,30,15,F,5
272,237,2018-05-18 16:30:00,668.506329113924,49.050632911392405,30,16,F,5
273,201,2018-05-18 17:30:00,627.9154228855722,63.28358208955224,30,17,F,5
274,107,2018-05-18 18:00:00,504.4392523364486,63.38317757009346,0,18,F,5
275,98,2018-05-18 18:30:00,433.01020408163265,1.4183673469387754,30,18,F,5
276,4,2018-05-18 19:00:00,32.5,0.5,0,19,F,5
277,135,2018-05-21 07:30:00,501.8814814814815,2.259259259259259,30,7,M,5
278,303,2018-05-21 08:00:00,539.1683168316831,2.963696369636964,0,8,M,5
279,312,2018-05-21 08:30:00,677.7083333333334,1.5833333333333333,30,8,M,5
280,502,2018-05-21 09:00:00,642.0239043824702,105.38247011952191,0,9,M,5
281,545,2018-05-21 09:30:00,622.0880733944954,95.62201834862385,30,9,M,5
282,608,2018-05-21 10:00:00,579.4967105263158,101.2467105263158,0,10,M,5
283,622,2018-05-21 10:30:00,580.0353697749196,189.15273311897107,30,10,M,5
284,447,2018-05-21 11:30:00,607.9574944071588,87.2662192393736,30,11,M,5
285,590,2018-05-21 12:00:00,633.0050847457627,33.81864406779661,0,12,M,5
286,588,2018-05-21 12:30:00,684.8452380952381,38.9608843537415,30,12,M,5
287,532,2018-05-21 13:30:00,598.8984962406015,90.40037593984962,30,13,M,5
288,614,2018-05-21 14:30:00,578.4055374592834,55.148208469055376,30,14,M,5
289,653,2018-05-21 15:00:00,549.6018376722818,94.98621745788668,0,15,M,5
290,559,2018-05-21 15:30:00,632.4758497316636,103.6046511627907,30,15,M,5
291,461,2018-05-21 16:30:00,601.0,50.29934924078091,30,16,M,5
292,380,2018-05-21 17:30:00,594.3552631578947,131.35263157894738,30,17,M,5
293,182,2018-05-21 18:00:00,554.8901098901099,35.417582417582416,0,18,M,5
294,140,2018-05-21 18:30:00,451.55,1.2285714285714286,30,18,M,5
295,8,2018-05-21 19:00:00,588.5,22.375,0,19,M,5
296,6,2018-05-21 19:30:00,203.66666666666666,2.3333333333333335,30,19,M,5
297,127,2018-05-22 07:30:00,454.66141732283467,1.6614173228346456,30,7,TU,5
298,238,2018-05-22 08:00:00,542.3571428571429,3.0840336134453783,0,8,TU,5
299,266,2018-05-22 08:30:00,576.0037593984962,2.172932330827068,30,8,TU,5
300,439,2018-05-22 09:00:00,644.9589977220957,53.48519362186788,0,9,TU,5
301,429,2018-05-22 09:30:00,598.997668997669,96.21911421911422,30,9,TU,5
302,447,2018-05-22 10:00:00,641.1051454138702,4.930648769574944,0,10,TU,5
303,465,2018-05-22 10:30:00,643.1397849462365,16.881720430107528,30,10,TU,5
304,494,2018-05-22 11:30:00,597.0161943319838,21.423076923076923,30,11,TU,5
305,470,2018-05-22 12:00:00,595.1829787234043,25.629787234042553,0,12,TU,5
306,420,2018-05-22 12:30:00,632.6928571428572,15.69047619047619,30,12,TU,5
307,431,2018-05-22 13:30:00,555.0974477958237,25.366589327146173,30,13,TU,5
308,430,2018-05-22 14:30:00,612.8441860465116,12.820930232558139,30,14,TU,5
309,457,2018-05-22 15:00:00,629.9781181619256,45.796498905908095,0,15,TU,5
310,460,2018-05-22 15:30:00,618.1,24.76086956521739,30,15,TU,5
311,383,2018-05-22 16:30:00,594.6318537859008,20.263707571801568,30,16,TU,5
312,278,2018-05-22 17:30:00,591.9424460431654,145.62589928057554,30,17,TU,5
313,136,2018-05-22 18:00:00,601.25,3.1911764705882355,0,18,TU,5
314,122,2018-05-22 18:30:00,476.9344262295082,7.442622950819672,30,18,TU,5
315,9,2018-05-22 19:00:00,303.6666666666667,4.333333333333333,0,19,TU,5
316,6,2018-05-22 19:30:00,100.83333333333333,0.8333333333333334,30,19,TU,5
317,99,2018-05-23 07:30:00,456.32323232323233,2.4545454545454546,30,7,W,5
318,176,2018-05-23 08:00:00,523.5227272727273,1.5170454545454546,0,8,W,5
319,191,2018-05-23 08:30:00,632.0575916230366,2.2931937172774868,30,8,W,5
320,371,2018-05-23 09:00:00,509.92452830188677,1.4690026954177897,0,9,W,5
321,423,2018-05-23 09:30:00,603.8014184397163,14.843971631205674,30,9,W,5
322,340,2018-05-23 10:00:00,573.8911764705882,19.961764705882352,0,10,W,5
323,312,2018-05-23 10:30:00,627.3782051282051,20.493589743589745,30,10,W,5
324,375,2018-05-23 11:30:00,610.256,2.8266666666666667,30,11,W,5
325,424,2018-05-23 12:00:00,722.6627358490566,9.408018867924529,0,12,W,5
326,368,2018-05-23 12:30:00,570.4320652173913,8.41304347826087,30,12,W,5
327,361,2018-05-23 13:30:00,668.634349030471,1.3185595567867037,30,13,W,5
328,454,2018-05-23 14:30:00,556.6387665198238,23.96035242290749,30,14,W,5
329,434,2018-05-23 15:00:00,612.3824884792626,8.652073732718893,0,15,W,5
330,413,2018-05-23 15:30:00,617.3438256658595,4.447941888619854,30,15,W,5
331,295,2018-05-23 16:30:00,616.0745762711864,5.952542372881356,30,16,W,5
332,278,2018-05-23 17:30:00,515.6474820143885,109.88129496402878,30,17,W,5
333,224,2018-05-23 18:00:00,456.125,260.97767857142856,0,18,W,5
334,102,2018-05-23 18:30:00,453.61764705882354,64.29411764705883,30,18,W,5
335,4,2018-05-23 19:00:00,9.5,2.0,0,19,W,5
336,7,2018-05-23 19:30:00,117.14285714285714,1.8571428571428572,30,19,W,5
337,114,2018-05-24 07:30:00,457.87719298245617,2.3421052631578947,30,7,TH,5
338,218,2018-05-24 08:00:00,547.2247706422019,2.110091743119266,0,8,TH,5
339,180,2018-05-24 08:30:00,578.8,1.4722222222222223,30,8,TH,5
340,385,2018-05-24 09:00:00,580.9922077922078,7.1220779220779225,0,9,TH,5
341,449,2018-05-24 09:30:00,610.6169265033408,43.72160356347439,30,9,TH,5
342,386,2018-05-24 10:00:00,600.0259067357513,3.150259067357513,0,10,TH,5
343,380,2018-05-24 10:30:00,648.5921052631579,4.936842105263158,30,10,TH,5
344,423,2018-05-24 11:30:00,610.756501182033,7.085106382978723,30,11,TH,5
345,402,2018-05-24 12:00:00,626.8383084577115,1.6293532338308458,0,12,TH,5
346,376,2018-05-24 12:30:00,630.9521276595744,1.8164893617021276,30,12,TH,5
347,428,2018-05-24 13:30:00,581.6985981308411,37.441588785046726,30,13,TH,5
348,398,2018-05-24 14:30:00,610.8366834170854,31.537688442211056,30,14,TH,5
349,422,2018-05-24 15:00:00,595.7748815165877,38.10900473933649,0,15,TH,5
350,343,2018-05-24 15:30:00,601.2507288629738,17.46938775510204,30,15,TH,5
351,389,2018-05-24 16:30:00,612.1413881748072,83.50642673521851,30,16,TH,5
352,244,2018-05-24 17:30:00,629.422131147541,38.31147540983606,30,17,TH,5
353,122,2018-05-24 18:00:00,673.344262295082,1.4672131147540983,0,18,TH,5
354,112,2018-05-24 18:30:00,513.2053571428571,0.9642857142857143,30,18,TH,5
355,3,2018-05-24 19:30:00,765.3333333333334,19.666666666666668,30,19,TH,5
356,93,2018-05-25 07:30:00,530.7311827956989,40.075268817204304,30,7,F,5
357,204,2018-05-25 08:00:00,643.8186274509804,138.47058823529412,0,8,F,5
358,223,2018-05-25 08:30:00,512.2914798206278,7.834080717488789,30,8,F,5
359,488,2018-05-25 09:00:00,482.8811475409836,52.43852459016394,0,9,F,5
360,419,2018-05-25 09:30:00,580.073985680191,186.55608591885442,30,9,F,5
361,355,2018-05-25 10:00:00,632.4422535211268,63.7830985915493,0,10,F,5
362,440,2018-05-25 10:30:00,482.875,4.254545454545455,30,10,F,5
363,425,2018-05-25 11:30:00,559.0117647058823,11.945882352941176,30,11,F,5
364,444,2018-05-25 12:00:00,648.3400900900901,8.592342342342342,0,12,F,5
365,468,2018-05-25 12:30:00,664.1730769230769,12.848290598290598,30,12,F,5
366,483,2018-05-25 13:30:00,604.463768115942,23.795031055900623,30,13,F,5
367,352,2018-05-25 14:30:00,587.8210227272727,104.9715909090909,30,14,F,5
368,472,2018-05-25 15:00:00,626.1313559322034,58.980932203389834,0,15,F,5
369,396,2018-05-25 15:30:00,673.2828282828283,99.06818181818181,30,15,F,5
370,303,2018-05-25 16:30:00,620.4653465346535,177.78217821782178,30,16,F,5
371,241,2018-05-25 17:30:00,584.3195020746888,344.18257261410787,30,17,F,5
372,121,2018-05-25 18:00:00,556.5289256198347,226.16528925619835,0,18,F,5
373,92,2018-05-25 18:30:00,517.0326086956521,47.31521739130435,30,18,F,5
374,9,2018-05-25 19:00:00,449.3333333333333,29.444444444444443,0,19,F,5
375,3,2018-05-25 19:30:00,450.6666666666667,70.33333333333333,30,19,F,5
376,153,2018-05-29 07:30:00,481.0261437908497,1.7973856209150327,30,7,TU,5
377,374,2018-05-29 08:00:00,629.6524064171123,30.96524064171123,0,8,TU,5
378,383,2018-05-29 08:30:00,651.798955613577,12.605744125326371,30,8,TU,5
379,633,2018-05-29 09:00:00,604.0552922590837,101.81674565560822,0,9,TU,5
380,563,2018-05-29 09:30:00,617.3836589698046,141.10834813499113,30,9,TU,5
381,568,2018-05-29 10:00:00,649.2957746478874,107.03873239436619,0,10,TU,5
382,686,2018-05-29 10:30:00,615.9489795918367,117.72740524781341,30,10,TU,5
383,642,2018-05-29 11:30:00,620.7289719626168,98.50934579439253,30,11,TU,5
384,727,2018-05-29 12:00:00,580.4071526822559,110.39889958734526,0,12,TU,5
385,707,2018-05-29 12:30:00,623.5374823196605,128.64780763790665,30,12,TU,5
386,670,2018-05-29 13:30:00,628.9477611940298,140.73134328358208,30,13,TU,5
387,743,2018-05-29 14:30:00,600.5262449528936,150.88829071332435,30,14,TU,5
388,746,2018-05-29 15:00:00,576.6541554959786,270.9530831099196,0,15,TU,5
389,637,2018-05-29 15:30:00,585.5274725274726,243.40188383045526,30,15,TU,5
390,510,2018-05-29 16:30:00,642.021568627451,154.94509803921568,30,16,TU,5
391,359,2018-05-29 17:30:00,617.4345403899722,191.6267409470752,30,17,TU,5
392,154,2018-05-29 18:00:00,703.8961038961039,20.941558441558442,0,18,TU,5
393,136,2018-05-29 18:30:00,509.4485294117647,1.411764705882353,30,18,TU,5
394,5,2018-05-29 19:00:00,201.6,7.6,0,19,TU,5
395,2,2018-05-29 19:30:00,253.5,1.5,30,19,TU,5
396,164,2018-05-30 07:30:00,500.1036585365854,59.792682926829265,30,7,W,5
397,311,2018-05-30 08:00:00,564.9549839228296,42.09324758842444,0,8,W,5
398,311,2018-05-30 08:30:00,659.3054662379421,45.160771704180064,30,8,W,5
399,472,2018-05-30 09:00:00,617.7690677966102,160.59957627118644,0,9,W,5
400,567,2018-05-30 09:30:00,621.4920634920635,247.51675485008818,30,9,W,5
401,552,2018-05-30 10:00:00,544.3369565217391,351.7445652173913,0,10,W,5
402,587,2018-05-30 10:30:00,635.2248722316865,161.1328790459966,30,10,W,5
403,581,2018-05-30 11:30:00,600.0086058519794,62.46127366609294,30,11,W,5
404,628,2018-05-30 12:00:00,634.3471337579617,58.347133757961785,0,12,W,5
405,584,2018-05-30 12:30:00,600.6986301369863,63.28082191780822,30,12,W,5
406,534,2018-05-30 13:30:00,583.2790262172284,56.95505617977528,30,13,W,5
407,547,2018-05-30 14:30:00,637.3857404021937,20.175502742230346,30,14,W,5
408,486,2018-05-30 15:00:00,625.7654320987655,36.60288065843621,0,15,W,5
409,565,2018-05-30 15:30:00,633.3787610619469,56.23539823008849,30,15,W,5
410,467,2018-05-30 16:30:00,760.7408993576017,88.28907922912205,30,16,W,5
411,312,2018-05-30 17:30:00,684.3557692307693,99.18910256410257,30,17,W,5
412,199,2018-05-30 18:00:00,728.8492462311558,62.2964824120603,0,18,W,5
413,141,2018-05-30 18:30:00,529.9148936170212,9.425531914893616,30,18,W,5
414,7,2018-05-30 19:00:00,456.57142857142856,14.571428571428571,0,19,W,5
415,3,2018-05-30 19:30:00,361.6666666666667,50.0,30,19,W,5
416,89,2018-05-31 07:30:00,519.9887640449438,1.9775280898876404,30,7,TH,5
417,252,2018-05-31 08:00:00,587.6666666666666,1.753968253968254,0,8,TH,5
418,324,2018-05-31 08:30:00,632.2777777777778,1.9351851851851851,30,8,TH,5
419,462,2018-05-31 09:00:00,627.1623376623377,51.532467532467535,0,9,TH,5
420,483,2018-05-31 09:30:00,597.4782608695652,120.80745341614907,30,9,TH,5
421,512,2018-05-31 10:00:00,635.56640625,125.927734375,0,10,TH,5
422,504,2018-05-31 10:30:00,612.3968253968254,103.1984126984127,30,10,TH,5
423,550,2018-05-31 11:30:00,583.9363636363636,31.00181818181818,30,11,TH,5
424,521,2018-05-31 12:00:00,658.6660268714012,10.907869481765834,0,12,TH,5
425,591,2018-05-31 12:30:00,638.8578680203045,33.169204737732656,30,12,TH,5
426,499,2018-05-31 13:30:00,607.1963927855711,69.57515030060121,30,13,TH,5
427,477,2018-05-31 14:30:00,623.6373165618448,58.77777777777778,30,14,TH,5
428,501,2018-05-31 15:00:00,644.6467065868263,10.013972055888223,0,15,TH,5
429,504,2018-05-31 15:30:00,684.2579365079365,14.126984126984127,30,15,TH,5
430,414,2018-05-31 16:30:00,558.43961352657,259.6642512077295,30,16,TH,5
431,283,2018-05-31 17:30:00,705.86925795053,244.86925795053003,30,17,TH,5
432,159,2018-05-31 18:00:00,641.37106918239,233.16352201257862,0,18,TH,5
433,126,2018-05-31 18:30:00,644.515873015873,15.047619047619047,30,18,TH,5
434,9,2018-05-31 19:00:00,118.77777777777777,22.0,0,19,TH,5
435,4,2018-05-31 19:30:00,155.5,34.5,30,19,TH,5
436,142,2018-06-01 07:30:00,516.3028169014085,28.077464788732396,30,7,F,6
437,239,2018-06-01 08:00:00,588.071129707113,58.73221757322176,0,8,F,6
438,259,2018-06-01 08:30:00,561.2509652509652,13.61003861003861,30,8,F,6
439,496,2018-06-01 09:00:00,609.5846774193549,98.18346774193549,0,9,F,6
440,487,2018-06-01 09:30:00,598.1190965092402,211.1129363449692,30,9,F,6
441,539,2018-06-01 10:00:00,644.1187384044526,161.22634508348793,0,10,F,6
442,490,2018-06-01 10:30:00,645.6204081632653,103.0469387755102,30,10,F,6
443,542,2018-06-01 11:30:00,583.230627306273,144.5977859778598,30,11,F,6
444,499,2018-06-01 12:00:00,639.1142284569138,57.22044088176353,0,12,F,6
445,564,2018-06-01 12:30:00,629.313829787234,81.572695035461,30,12,F,6
446,514,2018-06-01 13:30:00,633.0330739299611,44.33463035019455,30,13,F,6
447,554,2018-06-01 14:30:00,590.3068592057762,238.01263537906138,30,14,F,6
448,483,2018-06-01 15:00:00,591.5403726708074,247.4865424430642,0,15,F,6
449,406,2018-06-01 15:30:00,598.1625615763547,180.00492610837438,30,15,F,6
450,419,2018-06-01 16:30:00,631.5059665871122,144.67303102625297,30,16,F,6
451,292,2018-06-01 17:30:00,560.9246575342465,195.1164383561644,30,17,F,6
452,178,2018-06-01 18:00:00,625.3370786516854,104.86516853932584,0,18,F,6
453,133,2018-06-01 18:30:00,529.7067669172932,49.54135338345865,30,18,F,6
454,4,2018-06-01 19:00:00,593.75,37.5,0,19,F,6
455,6,2018-06-01 19:30:00,237.16666666666666,7.333333333333333,30,19,F,6
456,167,2018-06-04 07:00:00,454.7065868263473,1.437125748502994,0,7,M,6
457,176,2018-06-04 07:30:00,528.5909090909091,1.0852272727272727,30,7,M,6
458,424,2018-06-04 08:00:00,579.625,100.16037735849056,0,8,M,6
459,427,2018-06-04 08:30:00,574.7353629976581,155.17798594847775,30,8,M,6
460,683,2018-06-04 09:00:00,562.4450951683748,328.2371888726208,0,9,M,6
461,566,2018-06-04 09:30:00,538.7809187279152,399.1148409893993,30,9,M,6
462,642,2018-06-04 10:00:00,460.05919003115264,331.77881619937693,0,10,M,6
463,799,2018-06-04 10:30:00,536.2603254067584,230.4543178973717,30,10,M,6
464,688,2018-06-04 11:00:00,526.625,444.1468023255814,0,11,M,6
465,636,2018-06-04 11:30:00,521.5911949685535,342.00471698113205,30,11,M,6
466,806,2018-06-04 12:00:00,540.4702233250621,284.712158808933,0,12,M,6
467,740,2018-06-04 12:30:00,581.1405405405405,382.99594594594595,30,12,M,6
468,635,2018-06-04 13:00:00,548.2629921259843,367.6992125984252,0,13,M,6
469,606,2018-06-04 13:30:00,568.9521452145215,327.03795379537956,30,13,M,6
470,703,2018-06-04 14:00:00,592.2517780938833,297.61735419630156,0,14,M,6
471,681,2018-06-04 14:30:00,591.4684287812041,445.1204111600587,30,14,M,6
472,659,2018-06-04 15:00:00,540.0667678300455,524.0667678300455,0,15,M,6
473,669,2018-06-04 15:30:00,525.1823617339312,476.4693572496263,30,15,M,6
474,590,2018-06-04 16:00:00,569.0440677966102,542.6881355932203,0,16,M,6
475,466,2018-06-04 16:30:00,559.1845493562232,536.6630901287554,30,16,M,6
476,418,2018-06-04 17:00:00,599.1004784688995,291.444976076555,0,17,M,6
477,360,2018-06-04 17:30:00,635.3333333333334,322.52222222222224,30,17,M,6
478,195,2018-06-04 18:00:00,564.251282051282,104.63589743589743,0,18,M,6
479,199,2018-06-04 18:30:00,555.7638190954774,19.768844221105528,30,18,M,6
480,6,2018-06-04 19:00:00,480.6666666666667,132.33333333333334,0,19,M,6
481,4,2018-06-04 19:30:00,7.0,2.0,30,19,M,6
482,108,2018-06-05 07:00:00,423.0925925925926,2.2685185185185186,0,7,TU,6
483,174,2018-06-05 07:30:00,576.8448275862069,2.0057471264367814,30,7,TU,6
484,280,2018-06-05 08:00:00,587.0821428571429,25.45357142857143,0,8,TU,6
485,291,2018-06-05 08:30:00,539.7422680412371,35.84879725085911,30,8,TU,6
486,470,2018-06-05 09:00:00,652.3425531914894,78.03191489361703,0,9,TU,6
487,513,2018-06-05 09:30:00,598.0409356725146,87.2943469785575,30,9,TU,6
488,527,2018-06-05 10:00:00,546.5521821631878,118.63567362428843,0,10,TU,6
489,519,2018-06-05 10:30:00,583.5606936416185,55.005780346820806,30,10,TU,6
490,527,2018-06-05 11:00:00,621.6337760910816,136.45540796963948,0,11,TU,6
491,494,2018-06-05 11:30:00,620.914979757085,72.07287449392713,30,11,TU,6
492,606,2018-06-05 12:00:00,621.483498349835,121.47524752475248,0,12,TU,6
493,534,2018-06-05 12:30:00,598.498127340824,60.749063670411985,30,12,TU,6
494,567,2018-06-05 13:00:00,580.9858906525574,25.84832451499118,0,13,TU,6
495,517,2018-06-05 13:30:00,616.4622823984527,65.77562862669245,30,13,TU,6
496,555,2018-06-05 14:00:00,565.6198198198198,176.36396396396395,0,14,TU,6
497,537,2018-06-05 14:30:00,601.8268156424581,134.28864059590316,30,14,TU,6
498,548,2018-06-05 15:00:00,631.1660583941606,101.80839416058394,0,15,TU,6
499,411,2018-06-05 15:30:00,659.7031630170317,18.048661800486617,30,15,TU,6
500,398,2018-06-05 16:00:00,633.143216080402,16.266331658291456,0,16,TU,6
501,444,2018-06-05 16:30:00,630.9166666666666,110.12837837837837,30,16,TU,6
502,424,2018-06-05 17:00:00,609.7334905660377,277.0919811320755,0,17,TU,6
503,337,2018-06-05 17:30:00,556.0148367952522,401.2166172106825,30,17,TU,6
504,173,2018-06-05 18:00:00,726.0635838150289,272.8612716763006,0,18,TU,6
505,178,2018-06-05 18:30:00,494.0,51.848314606741575,30,18,TU,6
506,8,2018-06-05 19:00:00,325.5,2.125,0,19,TU,6
507,5,2018-06-05 19:30:00,59.0,2.2,30,19,TU,6
508,104,2018-06-06 07:00:00,468.52884615384613,18.01923076923077,0,7,W,6
509,131,2018-06-06 07:30:00,484.19847328244276,21.3206106870229,30,7,W,6
510,244,2018-06-06 08:00:00,623.983606557377,2.8647540983606556,0,8,W,6
511,217,2018-06-06 08:30:00,556.3870967741935,3.7235023041474653,30,8,W,6
512,343,2018-06-06 09:00:00,629.2157434402333,45.183673469387756,0,9,W,6
513,379,2018-06-06 09:30:00,659.622691292876,25.71503957783641,30,9,W,6
514,398,2018-06-06 10:00:00,601.0577889447236,41.51005025125628,0,10,W,6
515,423,2018-06-06 10:30:00,632.3664302600473,3.392434988179669,30,10,W,6
516,454,2018-06-06 11:00:00,569.136563876652,46.47797356828194,0,11,W,6
517,505,2018-06-06 11:30:00,645.3188118811881,3.4514851485148514,30,11,W,6
518,506,2018-06-06 12:00:00,643.8814229249011,50.701581027667984,0,12,W,6
519,449,2018-06-06 12:30:00,661.8017817371938,16.057906458797326,30,12,W,6
520,494,2018-06-06 13:00:00,607.2570850202429,11.894736842105264,0,13,W,6
521,426,2018-06-06 13:30:00,644.0140845070423,8.075117370892018,30,13,W,6
522,400,2018-06-06 14:00:00,581.7875,25.1375,0,14,W,6
523,420,2018-06-06 14:30:00,633.1,5.402380952380953,30,14,W,6
524,418,2018-06-06 15:00:00,621.9904306220096,57.698564593301434,0,15,W,6
525,350,2018-06-06 15:30:00,633.1657142857143,6.574285714285714,30,15,W,6
526,290,2018-06-06 16:00:00,689.2793103448275,1.796551724137931,0,16,W,6
527,315,2018-06-06 16:30:00,611.4857142857143,29.58730158730159,30,16,W,6
528,282,2018-06-06 17:00:00,641.1914893617021,22.31560283687943,0,17,W,6
529,230,2018-06-06 17:30:00,645.0652173913044,1.2956521739130435,30,17,W,6
530,176,2018-06-06 18:00:00,679.9318181818181,1.0625,0,18,W,6
531,146,2018-06-06 18:30:00,528.4383561643835,4.1506849315068495,30,18,W,6
532,11,2018-06-06 19:00:00,181.27272727272728,1.8181818181818181,0,19,W,6
533,7,2018-06-06 19:30:00,121.71428571428571,2.142857142857143,30,19,W,6
534,107,2018-06-07 07:00:00,447.13084112149534,2.532710280373832,0,7,TH,6
535,142,2018-06-07 07:30:00,485.5211267605634,1.471830985915493,30,7,TH,6
536,259,2018-06-07 08:00:00,584.8957528957529,4.4903474903474905,0,8,TH,6
537,261,2018-06-07 08:30:00,604.904214559387,15.237547892720306,30,8,TH,6
538,373,2018-06-07 09:00:00,686.3833780160858,25.179624664879356,0,9,TH,6
539,359,2018-06-07 09:30:00,672.0139275766016,17.52367688022284,30,9,TH,6
540,340,2018-06-07 10:00:00,622.2705882352941,4.902941176470589,0,10,TH,6
541,427,2018-06-07 10:30:00,558.9063231850117,1.5526932084309133,30,10,TH,6
542,462,2018-06-07 11:00:00,563.512987012987,2.95021645021645,0,11,TH,6
543,545,2018-06-07 11:30:00,653.4440366972477,18.13394495412844,30,11,TH,6
544,468,2018-06-07 12:00:00,631.3034188034188,14.596153846153847,0,12,TH,6
545,548,2018-06-07 12:30:00,610.2773722627737,41.17153284671533,30,12,TH,6
546,452,2018-06-07 13:00:00,650.5088495575221,77.73008849557522,0,13,TH,6
547,380,2018-06-07 13:30:00,628.0342105263157,12.3,30,13,TH,6
548,521,2018-06-07 14:00:00,636.7504798464491,58.047984644913626,0,14,TH,6
549,386,2018-06-07 14:30:00,652.5,48.2720207253886,30,14,TH,6
550,389,2018-06-07 15:00:00,709.133676092545,1.3573264781491003,0,15,TH,6
551,375,2018-06-07 15:30:00,704.28,13.373333333333333,30,15,TH,6
552,328,2018-06-07 16:00:00,621.2164634146342,10.585365853658537,0,16,TH,6
553,368,2018-06-07 16:30:00,704.9320652173913,124.23913043478261,30,16,TH,6
554,242,2018-06-07 17:00:00,586.4214876033058,260.400826446281,0,17,TH,6
555,204,2018-06-07 17:30:00,640.3529411764706,20.235294117647058,30,17,TH,6
556,161,2018-06-07 18:00:00,634.8819875776397,49.714285714285715,0,18,TH,6
557,128,2018-06-07 18:30:00,533.4296875,15.9140625,30,18,TH,6
558,11,2018-06-07 19:00:00,30.454545454545453,1.3636363636363635,0,19,TH,6
559,75,2018-06-08 07:00:00,499.29333333333335,3.2533333333333334,0,7,F,6
560,93,2018-06-08 07:30:00,417.2795698924731,1.3655913978494623,30,7,F,6
561,244,2018-06-08 08:00:00,609.344262295082,8.73360655737705,0,8,F,6
562,254,2018-06-08 08:30:00,583.6417322834645,1.3070866141732282,30,8,F,6
563,400,2018-06-08 09:00:00,669.28,60.125,0,9,F,6
564,436,2018-06-08 09:30:00,620.5550458715596,76.62614678899082,30,9,F,6
565,486,2018-06-08 10:00:00,635.8189300411523,178.38683127572017,0,10,F,6
566,454,2018-06-08 10:30:00,614.9911894273127,82.55726872246696,30,10,F,6
567,495,2018-06-08 11:00:00,611.0060606060606,13.808080808080808,0,11,F,6
568,514,2018-06-08 11:30:00,645.035019455253,132.0739299610895,30,11,F,6
569,505,2018-06-08 12:00:00,667.5603960396039,168.3108910891089,0,12,F,6
570,422,2018-06-08 12:30:00,641.6919431279621,102.13270142180095,30,12,F,6
571,425,2018-06-08 13:00:00,651.7058823529412,3.9905882352941178,0,13,F,6
572,457,2018-06-08 13:30:00,644.9409190371991,37.38293216630197,30,13,F,6
573,454,2018-06-08 14:00:00,630.7334801762114,125.00220264317181,0,14,F,6
574,396,2018-06-08 14:30:00,654.7045454545455,47.25252525252525,30,14,F,6
575,399,2018-06-08 15:00:00,646.8922305764411,2.343358395989975,0,15,F,6
576,418,2018-06-08 15:30:00,619.3492822966507,75.05023923444976,30,15,F,6
577,335,2018-06-08 16:00:00,605.1910447761194,25.232835820895524,0,16,F,6
578,368,2018-06-08 16:30:00,607.195652173913,104.55163043478261,30,16,F,6
579,333,2018-06-08 17:00:00,487.42942942942943,492.7027027027027,0,17,F,6
580,185,2018-06-08 17:30:00,591.0378378378379,418.05945945945945,30,17,F,6
581,142,2018-06-08 18:00:00,578.556338028169,215.05633802816902,0,18,F,6
582,130,2018-06-08 18:30:00,480.4076923076923,263.18461538461537,30,18,F,6
583,2,2018-06-08 19:00:00,39.0,1.0,0,19,F,6
584,5,2018-06-08 19:30:00,1074.0,3.0,30,19,F,6
585,133,2018-06-11 07:30:00,443.43609022556393,1.263157894736842,30,7,M,6
586,368,2018-06-11 08:00:00,588.0217391304348,1.9646739130434783,0,8,M,6
587,372,2018-06-11 08:30:00,603.505376344086,7.080645161290323,30,8,M,6
588,578,2018-06-11 09:00:00,617.7647058823529,162.7750865051903,0,9,M,6
589,537,2018-06-11 09:30:00,605.635009310987,337.4487895716946,30,9,M,6
590,573,2018-06-11 10:00:00,570.9895287958116,259.49912739965094,0,10,M,6
591,583,2018-06-11 10:30:00,609.7735849056604,113.63979416809606,30,10,M,6
592,618,2018-06-11 11:30:00,549.0873786407767,334.67637540453075,30,11,M,6
593,632,2018-06-11 12:00:00,568.8117088607595,243.2879746835443,0,12,M,6
594,627,2018-06-11 12:30:00,603.0462519936204,274.4481658692185,30,12,M,6
595,579,2018-06-11 13:30:00,538.9464594127807,262.87737478411054,30,13,M,6
596,662,2018-06-11 14:30:00,631.012084592145,279.31570996978854,30,14,M,6
597,647,2018-06-11 15:00:00,566.8222565687789,404.854714064915,0,15,M,6
598,592,2018-06-11 15:30:00,543.8969594594595,364.0844594594595,30,15,M,6
599,463,2018-06-11 16:30:00,634.8768898488121,329.18358531317494,30,16,M,6
600,326,2018-06-11 17:30:00,632.5582822085889,198.59509202453987,30,17,M,6
601,188,2018-06-11 18:00:00,690.0212765957447,45.65425531914894,0,18,M,6
602,151,2018-06-11 18:30:00,615.1920529801324,1.0927152317880795,30,18,M,6
603,10,2018-06-11 19:00:00,257.6,1.8,0,19,M,6
604,5,2018-06-11 19:30:00,825.6,2.8,30,19,M,6
605,143,2018-06-12 07:30:00,481.42657342657344,1.4825174825174825,30,7,TU,6
606,249,2018-06-12 08:00:00,611.1244979919679,1.9397590361445782,0,8,TU,6
607,298,2018-06-12 08:30:00,571.003355704698,17.308724832214764,30,8,TU,6
608,426,2018-06-12 09:00:00,604.481220657277,50.1924882629108,0,9,TU,6
609,491,2018-06-12 09:30:00,625.0488798370673,95.58452138492872,30,9,TU,6
610,473,2018-06-12 10:00:00,632.2558139534884,84.60887949260042,0,10,TU,6
611,422,2018-06-12 10:30:00,637.6327014218009,18.59004739336493,30,10,TU,6
612,597,2018-06-12 11:30:00,528.822445561139,28.88777219430486,30,11,TU,6
613,575,2018-06-12 12:00:00,602.5043478260869,83.09565217391304,0,12,TU,6
614,525,2018-06-12 12:30:00,635.8095238095239,92.2304761904762,30,12,TU,6
615,515,2018-06-12 13:30:00,620.9126213592233,86.26601941747573,30,13,TU,6
616,551,2018-06-12 14:30:00,616.622504537205,143.7459165154265,30,14,TU,6
617,444,2018-06-12 15:00:00,646.8355855855856,63.51801801801802,0,15,TU,6
618,451,2018-06-12 15:30:00,620.6319290465632,60.05986696230599,30,15,TU,6
619,416,2018-06-12 16:30:00,655.2019230769231,73.6610576923077,30,16,TU,6
620,283,2018-06-12 17:30:00,619.73851590106,206.97173144876325,30,17,TU,6
621,231,2018-06-12 18:00:00,602.8095238095239,164.5930735930736,0,18,TU,6
622,170,2018-06-12 18:30:00,536.5941176470589,28.776470588235295,30,18,TU,6
623,2,2018-06-12 19:00:00,287.5,1.0,0,19,TU,6
624,3,2018-06-12 19:30:00,337.0,3.6666666666666665,30,19,TU,6
625,119,2018-06-13 07:30:00,465.1848739495798,1.5210084033613445,30,7,W,6
626,200,2018-06-13 08:00:00,539.54,9.035,0,8,W,6
627,240,2018-06-13 08:30:00,529.2916666666666,3.125,30,8,W,6
628,403,2018-06-13 09:00:00,665.5210918114144,94.52605459057072,0,9,W,6
629,373,2018-06-13 09:30:00,635.9034852546916,59.38069705093834,30,9,W,6
630,398,2018-06-13 10:00:00,621.1381909547739,8.748743718592964,0,10,W,6
631,409,2018-06-13 10:30:00,667.0048899755501,7.078239608801956,30,10,W,6
632,470,2018-06-13 11:30:00,625.2829787234042,14.78936170212766,30,11,W,6
633,485,2018-06-13 12:00:00,618.4432989690722,51.67422680412371,0,12,W,6
634,451,2018-06-13 12:30:00,659.4855875831486,4.17960088691796,30,12,W,6
635,410,2018-06-13 13:30:00,646.9024390243902,12.021951219512195,30,13,W,6
636,412,2018-06-13 14:30:00,585.0558252427185,64.25728155339806,30,14,W,6
637,415,2018-06-13 15:00:00,569.6313253012048,3.0,0,15,W,6
638,429,2018-06-13 15:30:00,612.7808857808858,9.979020979020978,30,15,W,6
639,349,2018-06-13 16:30:00,646.1604584527221,156.54441260744986,30,16,W,6
640,253,2018-06-13 17:30:00,539.8300395256917,333.8656126482214,30,17,W,6
641,114,2018-06-13 18:00:00,632.9649122807018,98.74561403508773,0,18,W,6
642,126,2018-06-13 18:30:00,522.1904761904761,9.492063492063492,30,18,W,6
643,4,2018-06-13 19:00:00,63.0,5.5,0,19,W,6
644,3,2018-06-13 19:30:00,158.0,3.3333333333333335,30,19,W,6
645,111,2018-06-14 07:30:00,463.5945945945946,2.135135135135135,30,7,TH,6
646,222,2018-06-14 08:00:00,592.1441441441441,10.13063063063063,0,8,TH,6
647,283,2018-06-14 08:30:00,635.6183745583039,6.787985865724382,30,8,TH,6
648,432,2018-06-14 09:00:00,589.9606481481482,101.26157407407408,0,9,TH,6
649,409,2018-06-14 09:30:00,626.6063569682152,136.50611246943765,30,9,TH,6
650,432,2018-06-14 10:00:00,599.3055555555555,78.51620370370371,0,10,TH,6
651,482,2018-06-14 10:30:00,663.1576763485477,26.42116182572614,30,10,TH,6
652,510,2018-06-14 11:30:00,574.9666666666667,133.6156862745098,30,11,TH,6
653,474,2018-06-14 12:00:00,692.5801687763714,41.51898734177215,0,12,TH,6
654,489,2018-06-14 12:30:00,651.4601226993865,139.359918200409,30,12,TH,6
655,419,2018-06-14 13:30:00,689.2673031026253,15.615751789976134,30,13,TH,6
656,418,2018-06-14 14:30:00,626.5263157894736,97.96650717703349,30,14,TH,6
657,431,2018-06-14 15:00:00,597.3921113689095,30.361948955916475,0,15,TH,6
658,391,2018-06-14 15:30:00,643.8081841432225,8.327365728900256,30,15,TH,6
659,375,2018-06-14 16:30:00,663.624,65.36533333333334,30,16,TH,6
660,242,2018-06-14 17:30:00,599.1363636363636,227.54132231404958,30,17,TH,6
661,166,2018-06-14 18:00:00,565.7530120481928,139.15060240963857,0,18,TH,6
662,170,2018-06-14 18:30:00,476.21176470588233,85.65294117647059,30,18,TH,6
663,4,2018-06-14 19:00:00,208.5,48.5,0,19,TH,6
664,11,2018-06-14 19:30:00,340.8181818181818,22.636363636363637,30,19,TH,6
665,135,2018-06-15 07:30:00,561.0962962962963,1.5925925925925926,30,7,F,6
666,257,2018-06-15 08:00:00,609.2101167315175,21.82101167315175,0,8,F,6
667,248,2018-06-15 08:30:00,632.883064516129,125.88306451612904,30,8,F,6
668,447,2018-06-15 09:00:00,592.1230425055928,198.36017897091722,0,9,F,6
669,470,2018-06-15 09:30:00,638.5212765957447,333.36170212765956,30,9,F,6
670,451,2018-06-15 10:00:00,569.6762749445676,401.80044345898006,0,10,F,6
671,408,2018-06-15 10:30:00,611.7426470588235,264.4019607843137,30,10,F,6
672,556,2018-06-15 11:30:00,531.2715827338129,201.55755395683454,30,11,F,6
673,478,2018-06-15 12:00:00,586.2824267782427,325.8451882845188,0,12,F,6
674,430,2018-06-15 12:30:00,602.8209302325581,263.5953488372093,30,12,F,6
675,381,2018-06-15 13:30:00,617.488188976378,250.1811023622047,30,13,F,6
676,397,2018-06-15 14:30:00,634.727959697733,362.07304785894206,30,14,F,6
677,448,2018-06-15 15:00:00,546.9598214285714,577.0200892857143,0,15,F,6
678,368,2018-06-15 15:30:00,481.9755434782609,577.8396739130435,30,15,F,6
679,272,2018-06-15 16:30:00,644.4080882352941,217.5625,30,16,F,6
680,248,2018-06-15 17:30:00,490.73790322580646,446.81854838709677,30,17,F,6
681,144,2018-06-15 18:00:00,506.0208333333333,428.2083333333333,0,18,F,6
682,96,2018-06-15 18:30:00,441.1354166666667,64.125,30,18,F,6
683,3,2018-06-15 19:00:00,178.33333333333334,9.666666666666666,0,19,F,6
684,2,2018-06-15 19:30:00,512.0,6.5,30,19,F,6
685,152,2018-06-18 07:30:00,485.6118421052632,1.2960526315789473,30,7,M,6
686,323,2018-06-18 08:00:00,562.5046439628483,25.470588235294116,0,8,M,6
687,388,2018-06-18 08:30:00,598.5979381443299,45.873711340206185,30,8,M,6
688,565,2018-06-18 09:00:00,643.4265486725664,226.94159292035397,0,9,M,6
689,568,2018-06-18 09:30:00,590.0598591549295,456.1848591549296,30,9,M,6
690,586,2018-06-18 10:00:00,525.2815699658703,535.8532423208192,0,10,M,6
691,578,2018-06-18 10:30:00,563.6643598615917,420.1851211072664,30,10,M,6
692,685,2018-06-18 11:30:00,516.843795620438,523.2510948905109,30,11,M,6
693,704,2018-06-18 12:00:00,539.6931818181819,620.046875,0,12,M,6
694,657,2018-06-18 12:30:00,505.6849315068493,621.4764079147641,30,12,M,6
695,602,2018-06-18 13:30:00,484.35714285714283,496.43521594684387,30,13,M,6
696,624,2018-06-18 14:30:00,571.125,535.5592948717949,30,14,M,6
697,606,2018-06-18 15:00:00,506.9818481848185,512.7260726072607,0,15,M,6
698,614,2018-06-18 15:30:00,536.3794788273616,564.4755700325733,30,15,M,6
699,492,2018-06-18 16:30:00,476.3434959349593,629.270325203252,30,16,M,6
700,277,2018-06-18 17:30:00,580.9530685920578,349.7942238267148,30,17,M,6
701,240,2018-06-18 18:00:00,627.6333333333333,139.32916666666668,0,18,M,6
702,171,2018-06-18 18:30:00,491.187134502924,65.50877192982456,30,18,M,6
703,4,2018-06-18 19:00:00,287.25,241.25,0,19,M,6
704,9,2018-06-18 19:30:00,138.88888888888889,16.0,30,19,M,6
705,107,2018-06-19 07:30:00,418.2429906542056,1.4299065420560748,30,7,TU,6
706,292,2018-06-19 08:00:00,641.763698630137,23.256849315068493,0,8,TU,6
707,238,2018-06-19 08:30:00,618.4285714285714,46.642857142857146,30,8,TU,6
708,442,2018-06-19 09:00:00,616.868778280543,159.4660633484163,0,9,TU,6
709,395,2018-06-19 09:30:00,580.1392405063291,250.42025316455695,30,9,TU,6
710,398,2018-06-19 10:00:00,613.4723618090452,103.99497487437186,0,10,TU,6
711,427,2018-06-19 10:30:00,642.4192037470726,27.981264637002344,30,10,TU,6
712,468,2018-06-19 11:30:00,633.9358974358975,114.36324786324786,30,11,TU,6
713,598,2018-06-19 12:00:00,552.3160535117057,270.1220735785953,0,12,TU,6
714,444,2018-06-19 12:30:00,635.9121621621622,246.25225225225225,30,12,TU,6
715,459,2018-06-19 13:30:00,616.5795206971677,314.97167755991285,30,13,TU,6
716,423,2018-06-19 14:30:00,528.8723404255319,302.87706855791964,30,14,TU,6
717,384,2018-06-19 15:00:00,628.7369791666666,183.4453125,0,15,TU,6
718,408,2018-06-19 15:30:00,583.6127450980392,95.68872549019608,30,15,TU,6
719,445,2018-06-19 16:30:00,616.3168539325843,174.95280898876405,30,16,TU,6
720,223,2018-06-19 17:30:00,563.0179372197309,241.86547085201795,30,17,TU,6
721,177,2018-06-19 18:00:00,636.4124293785311,40.824858757062145,0,18,TU,6
722,171,2018-06-19 18:30:00,543.46783625731,28.75438596491228,30,18,TU,6
723,7,2018-06-19 19:00:00,172.71428571428572,1.0,0,19,TU,6
724,2,2018-06-19 19:30:00,620.5,4.5,30,19,TU,6
725,123,2018-06-20 07:30:00,604.130081300813,2.3252032520325203,30,7,W,6
726,266,2018-06-20 08:00:00,570.2142857142857,65.71052631578948,0,8,W,6
727,255,2018-06-20 08:30:00,689.1254901960784,54.56078431372549,30,8,W,6
728,408,2018-06-20 09:00:00,554.5343137254902,252.82598039215685,0,9,W,6
729,343,2018-06-20 09:30:00,673.4169096209913,222.53935860058309,30,9,W,6
730,424,2018-06-20 10:00:00,641.2971698113207,185.64858490566039,0,10,W,6
731,412,2018-06-20 10:30:00,654.8859223300971,130.64077669902912,30,10,W,6
732,488,2018-06-20 11:30:00,604.5758196721312,306.0840163934426,30,11,W,6
733,483,2018-06-20 12:00:00,615.3457556935817,240.26293995859214,0,12,W,6
734,455,2018-06-20 12:30:00,654.8725274725275,158.71648351648352,30,12,W,6
735,416,2018-06-20 13:30:00,610.7283653846154,6.971153846153846,30,13,W,6
736,484,2018-06-20 14:30:00,685.1528925619834,63.518595041322314,30,14,W,6
737,498,2018-06-20 15:00:00,611.4738955823293,172.8012048192771,0,15,W,6
738,466,2018-06-20 15:30:00,558.5386266094421,190.37124463519314,30,15,W,6
739,431,2018-06-20 16:30:00,556.1160092807424,443.55452436194895,30,16,W,6
740,290,2018-06-20 17:30:00,519.4758620689655,431.848275862069,30,17,W,6
741,150,2018-06-20 18:00:00,573.2933333333333,284.6,0,18,W,6
742,113,2018-06-20 18:30:00,397.6725663716814,354.46902654867256,30,18,W,6
743,5,2018-06-20 19:00:00,185.2,5.6,0,19,W,6
744,5,2018-06-20 19:30:00,874.8,4.2,30,19,W,6
745,81,2018-06-21 07:30:00,540.679012345679,1.9506172839506173,30,7,TH,6
746,238,2018-06-21 08:00:00,648.5336134453781,1.8487394957983194,0,8,TH,6
747,238,2018-06-21 08:30:00,626.4285714285714,4.4033613445378155,30,8,TH,6
748,362,2018-06-21 09:00:00,658.9751381215469,125.8646408839779,0,9,TH,6
749,309,2018-06-21 09:30:00,653.0582524271845,61.1294498381877,30,9,TH,6
750,354,2018-06-21 10:00:00,601.1271186440678,5.977401129943503,0,10,TH,6
751,351,2018-06-21 10:30:00,639.4159544159544,18.108262108262107,30,10,TH,6
752,397,2018-06-21 11:30:00,571.3879093198992,4.365239294710327,30,11,TH,6
753,491,2018-06-21 12:00:00,591.2892057026477,5.405295315682281,0,12,TH,6
754,424,2018-06-21 12:30:00,708.2995283018868,15.099056603773585,30,12,TH,6
755,393,2018-06-21 13:30:00,696.8753180661578,9.475826972010179,30,13,TH,6
756,449,2018-06-21 14:30:00,675.7216035634743,121.34298440979956,30,14,TH,6
757,414,2018-06-21 15:00:00,658.6014492753624,113.59420289855072,0,15,TH,6
758,316,2018-06-21 15:30:00,725.5822784810126,67.07278481012658,30,15,TH,6
759,325,2018-06-21 16:30:00,607.9415384615385,32.23384615384615,30,16,TH,6
760,276,2018-06-21 17:30:00,543.4094202898551,245.82246376811594,30,17,TH,6
761,178,2018-06-21 18:00:00,535.1404494382023,81.91011235955057,0,18,TH,6
762,161,2018-06-21 18:30:00,457.64596273291926,15.84472049689441,30,18,TH,6
763,6,2018-06-21 19:00:00,521.6666666666666,19.833333333333332,0,19,TH,6
764,1,2018-06-21 19:30:00,883.0,6.0,30,19,TH,6
765,108,2018-06-22 07:30:00,581.7314814814815,2.5833333333333335,30,7,F,6
766,235,2018-06-22 08:00:00,576.4170212765957,1.6553191489361703,0,8,F,6
767,229,2018-06-22 08:30:00,687.5764192139738,1.9475982532751093,30,8,F,6
768,385,2018-06-22 09:00:00,606.9168831168831,101.6051948051948,0,9,F,6
769,380,2018-06-22 09:30:00,613.8947368421053,217.53947368421052,30,9,F,6
770,491,2018-06-22 10:00:00,551.5417515274949,299.13645621181263,0,10,F,6
771,352,2018-06-22 10:30:00,569.1846590909091,222.30113636363637,30,10,F,6
772,483,2018-06-22 11:30:00,635.1345755693582,191.3271221532091,30,11,F,6
773,396,2018-06-22 12:00:00,617.1944444444445,204.92171717171718,0,12,F,6
774,397,2018-06-22 12:30:00,629.448362720403,46.97481108312343,30,12,F,6
775,412,2018-06-22 13:30:00,634.7135922330098,69.1747572815534,30,13,F,6
776,409,2018-06-22 14:30:00,633.8068459657702,68.06845965770171,30,14,F,6
777,451,2018-06-22 15:00:00,572.9778270509978,90.4478935698448,0,15,F,6
778,381,2018-06-22 15:30:00,686.9238845144357,109.00262467191601,30,15,F,6
779,294,2018-06-22 16:30:00,567.3401360544218,128.0374149659864,30,16,F,6
780,255,2018-06-22 17:30:00,455.9529411764706,557.9215686274509,30,17,F,6
781,189,2018-06-22 18:00:00,354.6031746031746,706.1640211640212,0,18,F,6
782,118,2018-06-22 18:30:00,296.27966101694915,411.08474576271186,30,18,F,6
783,2,2018-06-22 19:00:00,86.5,1.0,0,19,F,6
784,125,2018-06-25 07:30:00,530.872,1.8,30,7,M,6
785,375,2018-06-25 08:00:00,639.24,86.80533333333334,0,8,M,6
786,313,2018-06-25 08:30:00,561.220447284345,81.8817891373802,30,8,M,6
787,502,2018-06-25 09:00:00,609.410358565737,51.02788844621514,0,9,M,6
788,535,2018-06-25 09:30:00,622.185046728972,230.92523364485982,30,9,M,6
789,503,2018-06-25 10:00:00,611.8628230616303,117.14115308151094,0,10,M,6
790,623,2018-06-25 10:30:00,625.1733547351525,112.55377207062601,30,10,M,6
791,545,2018-06-25 11:30:00,630.0183486238532,79.70825688073394,30,11,M,6
792,850,2018-06-25 12:00:00,577.3552941176471,320.5329411764706,0,12,M,6
793,550,2018-06-25 12:30:00,507.97636363636366,410.65272727272725,30,12,M,6
794,607,2018-06-25 13:30:00,599.0658978583197,63.64085667215816,30,13,M,6
795,613,2018-06-25 14:30:00,609.4991843393149,280.6084828711256,30,14,M,6
796,635,2018-06-25 15:00:00,576.9779527559056,338.340157480315,0,15,M,6
797,594,2018-06-25 15:30:00,566.3821548821549,449.77104377104376,30,15,M,6
798,424,2018-06-25 16:30:00,593.7759433962265,310.9009433962264,30,16,M,6
799,382,2018-06-25 17:30:00,522.7801047120419,568.6204188481676,30,17,M,6
800,186,2018-06-25 18:00:00,531.9139784946236,374.5430107526882,0,18,M,6
801,180,2018-06-25 18:30:00,487.5833333333333,123.63333333333334,30,18,M,6
802,3,2018-06-25 19:00:00,808.6666666666666,5.0,0,19,M,6
803,5,2018-06-25 19:30:00,488.8,88.8,30,19,M,6
804,154,2018-06-26 07:30:00,507.5064935064935,2.344155844155844,30,7,TU,6
805,310,2018-06-26 08:00:00,612.4806451612903,2.2193548387096773,0,8,TU,6
806,291,2018-06-26 08:30:00,616.3264604810996,2.9450171821305844,30,8,TU,6
807,461,2018-06-26 09:00:00,664.4425162689805,13.681127982646421,0,9,TU,6
808,516,2018-06-26 09:30:00,635.8837209302326,105.40697674418605,30,9,TU,6
809,483,2018-06-26 10:00:00,667.8322981366459,91.04761904761905,0,10,TU,6
810,505,2018-06-26 10:30:00,592.6356435643564,36.51683168316832,30,10,TU,6
811,544,2018-06-26 11:30:00,691.9669117647059,22.487132352941178,30,11,TU,6
812,520,2018-06-26 12:00:00,669.6019230769231,60.448076923076925,0,12,TU,6
813,488,2018-06-26 12:30:00,643.2131147540983,36.49590163934426,30,12,TU,6
814,466,2018-06-26 13:30:00,640.0450643776824,28.105150214592275,30,13,TU,6
815,538,2018-06-26 14:30:00,642.3122676579926,70.12081784386618,30,14,TU,6
816,487,2018-06-26 15:00:00,641.8809034907598,78.73511293634498,0,15,TU,6
817,469,2018-06-26 15:30:00,615.773987206823,88.57995735607676,30,15,TU,6
818,445,2018-06-26 16:30:00,630.9303370786516,274.0314606741573,30,16,TU,6
819,294,2018-06-26 17:30:00,544.0272108843537,320.4353741496599,30,17,TU,6
820,179,2018-06-26 18:00:00,584.4581005586592,150.94972067039106,0,18,TU,6
821,173,2018-06-26 18:30:00,523.1618497109827,15.38150289017341,30,18,TU,6
822,4,2018-06-26 19:00:00,767.25,47.75,0,19,TU,6
823,98,2018-06-27 07:30:00,556.3367346938776,2.2551020408163267,30,7,W,6
824,251,2018-06-27 08:00:00,615.8565737051792,2.3904382470119523,0,8,W,6
825,274,2018-06-27 08:30:00,669.8394160583941,3.5328467153284673,30,8,W,6
826,400,2018-06-27 09:00:00,607.755,61.26,0,9,W,6
827,403,2018-06-27 09:30:00,681.2431761786601,190.80645161290323,30,9,W,6
828,418,2018-06-27 10:00:00,667.2607655502393,171.01196172248802,0,10,W,6
829,417,2018-06-27 10:30:00,657.6618705035971,69.43884892086331,30,10,W,6
830,468,2018-06-27 11:30:00,671.2393162393163,29.506410256410255,30,11,W,6
831,449,2018-06-27 12:00:00,650.4743875278397,52.67260579064588,0,12,W,6
832,414,2018-06-27 12:30:00,696.4202898550725,17.446859903381643,30,12,W,6
833,437,2018-06-27 13:30:00,689.6796338672768,14.322654462242562,30,13,W,6
834,492,2018-06-27 14:30:00,620.0,115.4369918699187,30,14,W,6
835,444,2018-06-27 15:00:00,643.9436936936937,120.1891891891892,0,15,W,6
836,423,2018-06-27 15:30:00,585.0330969267139,218.88652482269504,30,15,W,6
837,368,2018-06-27 16:30:00,615.4266304347826,198.9429347826087,30,16,W,6
838,285,2018-06-27 17:30:00,483.3719298245614,613.6140350877193,30,17,W,6
839,155,2018-06-27 18:00:00,328.7806451612903,755.3096774193548,0,18,W,6
840,141,2018-06-27 18:30:00,265.68794326241135,614.177304964539,30,18,W,6
841,2,2018-06-27 19:00:00,218.5,46.0,0,19,W,6
842,1,2018-06-27 19:30:00,198.0,8.0,30,19,W,6
843,110,2018-06-28 07:30:00,493.7090909090909,1.4090909090909092,30,7,TH,6
844,245,2018-06-28 08:00:00,531.0163265306122,7.387755102040816,0,8,TH,6
845,293,2018-06-28 08:30:00,569.5563139931741,24.266211604095563,30,8,TH,6
846,463,2018-06-28 09:00:00,635.5723542116631,45.53131749460043,0,9,TH,6
847,423,2018-06-28 09:30:00,656.0283687943263,14.85579196217494,30,9,TH,6
848,463,2018-06-28 10:00:00,648.6069114470843,53.66738660907127,0,10,TH,6
849,374,2018-06-28 10:30:00,598.2272727272727,6.291443850267379,30,10,TH,6
850,566,2018-06-28 11:30:00,602.7667844522969,7.918727915194347,30,11,TH,6
851,490,2018-06-28 12:00:00,705.469387755102,13.340816326530613,0,12,TH,6
852,509,2018-06-28 12:30:00,645.1571709233792,29.917485265225935,30,12,TH,6
853,460,2018-06-28 13:30:00,617.1826086956522,5.626086956521739,30,13,TH,6
854,471,2018-06-28 14:30:00,616.9065817409767,103.03821656050955,30,14,TH,6
855,444,2018-06-28 15:00:00,669.927927927928,93.48423423423424,0,15,TH,6
856,433,2018-06-28 15:30:00,608.4872979214781,54.1824480369515,30,15,TH,6
857,376,2018-06-28 16:30:00,635.0771276595744,178.2659574468085,30,16,TH,6
858,291,2018-06-28 17:30:00,605.3161512027491,237.53951890034364,30,17,TH,6
859,174,2018-06-28 18:00:00,607.3275862068965,243.16666666666666,0,18,TH,6
860,134,2018-06-28 18:30:00,487.5223880597015,182.50746268656715,30,18,TH,6
861,4,2018-06-28 19:00:00,319.75,2.25,0,19,TH,6
862,4,2018-06-28 19:30:00,272.75,5.25,30,19,TH,6
863,129,2018-06-29 07:30:00,429.9767441860465,1.441860465116279,30,7,F,6
864,279,2018-06-29 08:00:00,651.6810035842294,8.161290322580646,0,8,F,6
865,351,2018-06-29 08:30:00,631.3532763532763,57.971509971509974,30,8,F,6
866,448,2018-06-29 09:00:00,630.9441964285714,207.40848214285714,0,9,F,6
867,462,2018-06-29 09:30:00,694.1471861471862,240.23376623376623,30,9,F,6
868,428,2018-06-29 10:00:00,623.303738317757,225.91121495327104,0,10,F,6
869,403,2018-06-29 10:30:00,689.12158808933,63.69478908188586,30,10,F,6
870,540,2018-06-29 11:30:00,636.7648148148148,135.9537037037037,30,11,F,6
871,480,2018-06-29 12:00:00,636.90625,248.68541666666667,0,12,F,6
872,455,2018-06-29 12:30:00,627.1736263736263,142.14945054945056,30,12,F,6
873,515,2018-06-29 13:30:00,638.4679611650486,241.66601941747572,30,13,F,6
874,493,2018-06-29 14:30:00,615.3752535496957,296.237322515213,30,14,F,6
875,452,2018-06-29 15:00:00,583.9181415929204,262.03982300884957,0,15,F,6
876,441,2018-06-29 15:30:00,564.7596371882087,375.09977324263036,30,15,F,6
877,391,2018-06-29 16:30:00,538.5780051150895,564.4296675191816,30,16,F,6
878,295,2018-06-29 17:30:00,481.8745762711864,686.7491525423728,30,17,F,6
879,145,2018-06-29 18:00:00,517.255172413793,551.4965517241379,0,18,F,6
880,126,2018-06-29 18:30:00,340.76190476190476,461.57936507936506,30,18,F,6
881,8,2018-06-29 19:00:00,61.625,3.25,0,19,F,6
882,152,2018-07-02 07:30:00,581.625,2.8026315789473686,30,7,M,7
883,351,2018-07-02 08:00:00,716.6780626780627,21.68091168091168,0,8,M,7
884,323,2018-07-02 08:30:00,641.7461300309598,76.72755417956657,30,8,M,7
885,519,2018-07-02 09:00:00,609.4624277456647,219.9306358381503,0,9,M,7
886,599,2018-07-02 09:30:00,587.729549248748,360.03171953255423,30,9,M,7
887,573,2018-07-02 10:00:00,566.4677137870855,407.1675392670157,0,10,M,7
888,571,2018-07-02 10:30:00,560.7022767075307,258.90367775831874,30,10,M,7
889,666,2018-07-02 11:30:00,631.7162162162163,281.7942942942943,30,11,M,7
890,625,2018-07-02 12:00:00,574.8912,407.8816,0,12,M,7
891,547,2018-07-02 12:30:00,619.5904936014625,161.53747714808043,30,12,M,7
892,663,2018-07-02 13:30:00,563.5143288084464,348.43740573152337,30,13,M,7
893,572,2018-07-02 14:30:00,550.6835664335664,395.58916083916085,30,14,M,7
894,583,2018-07-02 15:00:00,611.6295025728988,298.92109777015435,0,15,M,7
895,558,2018-07-02 15:30:00,614.8512544802867,419.6254480286738,30,15,M,7
896,474,2018-07-02 16:30:00,579.3713080168776,302.06962025316454,30,16,M,7
897,370,2018-07-02 17:30:00,550.4270270270271,358.46216216216214,30,17,M,7
898,195,2018-07-02 18:00:00,631.723076923077,121.07692307692308,0,18,M,7
899,216,2018-07-02 18:30:00,519.7546296296297,28.166666666666668,30,18,M,7
900,11,2018-07-02 19:00:00,63.45454545454545,514.4545454545455,0,19,M,7
901,6,2018-07-02 19:30:00,792.6666666666666,348.5,30,19,M,7
902,116,2018-07-03 07:30:00,475.2931034482759,3.75,30,7,TU,7
903,272,2018-07-03 08:00:00,639.1286764705883,4.419117647058823,0,8,TU,7
904,288,2018-07-03 08:30:00,557.3506944444445,3.28125,30,8,TU,7
905,559,2018-07-03 09:00:00,620.5259391771019,124.32021466905188,0,9,TU,7
906,513,2018-07-03 09:30:00,650.8011695906433,261.71539961013644,30,9,TU,7
907,420,2018-07-03 10:00:00,635.4785714285714,189.77619047619046,0,10,TU,7
908,517,2018-07-03 10:30:00,620.2882011605416,86.22630560928434,30,10,TU,7
909,537,2018-07-03 11:30:00,657.7877094972067,25.01489757914339,30,11,TU,7
910,469,2018-07-03 12:00:00,644.5095948827292,28.84221748400853,0,12,TU,7
911,452,2018-07-03 12:30:00,680.7676991150443,17.72345132743363,30,12,TU,7
912,521,2018-07-03 13:30:00,599.5470249520154,56.05374280230326,30,13,TU,7
913,457,2018-07-03 14:30:00,646.253829321663,12.980306345733041,30,14,TU,7
914,461,2018-07-03 15:00:00,624.7310195227766,28.600867678958785,0,15,TU,7
915,455,2018-07-03 15:30:00,609.2175824175824,52.53186813186813,30,15,TU,7
916,334,2018-07-03 16:30:00,630.2095808383234,5.691616766467066,30,16,TU,7
917,234,2018-07-03 17:30:00,657.4230769230769,207.51282051282053,30,17,TU,7
918,162,2018-07-03 18:00:00,624.4074074074074,57.06172839506173,0,18,TU,7
919,129,2018-07-03 18:30:00,522.1627906976744,5.054263565891473,30,18,TU,7
920,7,2018-07-03 19:00:00,599.1428571428571,2.857142857142857,0,19,TU,7
921,1,2018-07-03 19:30:00,809.0,454.0,30,19,TU,7
922,134,2018-07-05 07:30:00,526.0149253731344,4.097014925373134,30,7,TH,7
923,302,2018-07-05 08:00:00,602.3807947019867,5.430463576158941,0,8,TH,7
924,322,2018-07-05 08:30:00,685.5248447204968,17.074534161490682,30,8,TH,7
925,507,2018-07-05 09:00:00,584.1873767258382,244.698224852071,0,9,TH,7
926,479,2018-07-05 09:30:00,619.294363256785,347.6492693110647,30,9,TH,7
927,504,2018-07-05 10:00:00,599.4563492063492,322.9781746031746,0,10,TH,7
928,514,2018-07-05 10:30:00,597.8151750972762,202.1147859922179,30,10,TH,7
929,611,2018-07-05 11:30:00,656.0883797054009,97.49590834697217,30,11,TH,7
930,536,2018-07-05 12:00:00,647.1305970149253,183.9794776119403,0,12,TH,7
931,579,2018-07-05 12:30:00,599.6545768566494,220.10880829015545,30,12,TH,7
932,606,2018-07-05 13:30:00,587.2755775577558,211.72277227722773,30,13,TH,7
933,592,2018-07-05 14:30:00,650.5405405405405,230.28209459459458,30,14,TH,7
934,520,2018-07-05 15:00:00,607.7115384615385,276.67884615384617,0,15,TH,7
935,534,2018-07-05 15:30:00,626.8632958801498,292.13295880149815,30,15,TH,7
936,304,2018-07-05 16:30:00,617.0065789473684,142.53947368421052,30,16,TH,7
937,351,2018-07-05 17:30:00,614.7321937321938,315.34757834757835,30,17,TH,7
938,184,2018-07-05 18:00:00,549.8586956521739,101.6195652173913,0,18,TH,7
939,144,2018-07-05 18:30:00,554.0763888888889,6.25,30,18,TH,7
940,2,2018-07-05 19:00:00,1.0,5.0,0,19,TH,7
941,6,2018-07-05 19:30:00,1.1666666666666667,0.8333333333333334,30,19,TH,7
942,124,2018-07-06 07:30:00,561.8709677419355,4.782258064516129,30,7,F,7
943,270,2018-07-06 08:00:00,605.3851851851852,36.21851851851852,0,8,F,7
944,289,2018-07-06 08:30:00,563.5743944636678,7.179930795847751,30,8,F,7
945,417,2018-07-06 09:00:00,640.4460431654676,108.28297362110311,0,9,F,7
946,433,2018-07-06 09:30:00,590.9284064665127,212.4226327944573,30,9,F,7
947,528,2018-07-06 10:00:00,562.842803030303,353.2310606060606,0,10,F,7
948,458,2018-07-06 10:30:00,617.4694323144105,195.72707423580786,30,10,F,7
949,563,2018-07-06 11:30:00,620.2326820603907,243.15808170515098,30,11,F,7
950,528,2018-07-06 12:00:00,636.4545454545455,236.3125,0,12,F,7
951,464,2018-07-06 12:30:00,606.0237068965517,157.20689655172413,30,12,F,7
952,443,2018-07-06 13:30:00,555.5530474040632,143.57562076749434,30,13,F,7
953,551,2018-07-06 14:30:00,601.8221415607985,376.2667876588022,30,14,F,7
954,521,2018-07-06 15:00:00,504.80038387715933,443.3953934740883,0,15,F,7
955,485,2018-07-06 15:30:00,512.6020618556701,585.5237113402062,30,15,F,7
956,329,2018-07-06 16:30:00,530.9878419452888,501.1094224924012,30,16,F,7
957,315,2018-07-06 17:30:00,438.1460317460317,633.0666666666667,30,17,F,7
958,161,2018-07-06 18:00:00,372.0496894409938,551.6149068322982,0,18,F,7
959,114,2018-07-06 18:30:00,474.8421052631579,335.85087719298247,30,18,F,7
960,4,2018-07-06 19:00:00,596.75,0.75,0,19,F,7
961,5,2018-07-06 19:30:00,488.4,1.8,30,19,F,7
962,155,2018-07-09 07:30:00,575.6967741935484,2.07741935483871,30,7,M,7
963,310,2018-07-09 08:00:00,550.8064516129032,2.3161290322580643,0,8,M,7
964,376,2018-07-09 08:30:00,593.6170212765958,2.0585106382978724,30,8,M,7
965,534,2018-07-09 09:00:00,635.7059925093633,99.88014981273409,0,9,M,7
966,510,2018-07-09 09:30:00,606.1843137254901,35.17058823529412,30,9,M,7
967,597,2018-07-09 10:00:00,598.8056951423786,29.162479061976548,0,10,M,7
968,621,2018-07-09 10:30:00,572.6988727858293,73.98389694041867,30,10,M,7
969,804,2018-07-09 11:30:00,476.06094527363183,305.22014925373134,30,11,M,7
970,763,2018-07-09 12:00:00,513.4941022280472,250.68283093053736,0,12,M,7
971,650,2018-07-09 12:30:00,544.3938461538462,85.40615384615384,30,12,M,7
972,637,2018-07-09 13:30:00,552.4740973312402,74.13971742543171,30,13,M,7
973,678,2018-07-09 14:30:00,575.0899705014749,43.34513274336283,30,14,M,7
974,624,2018-07-09 15:00:00,609.4407051282051,72.11538461538461,0,15,M,7
975,579,2018-07-09 15:30:00,600.6960276338515,142.02763385146804,30,15,M,7
976,550,2018-07-09 16:30:00,626.6563636363636,245.48727272727274,30,16,M,7
977,365,2018-07-09 17:30:00,530.8027397260274,413.5561643835616,30,17,M,7
978,153,2018-07-09 18:00:00,548.5751633986928,109.34640522875817,0,18,M,7
979,124,2018-07-09 18:30:00,467.71774193548384,1.9919354838709677,30,18,M,7
980,9,2018-07-09 19:00:00,187.11111111111111,2.888888888888889,0,19,M,7
981,4,2018-07-09 19:30:00,54.0,2.25,30,19,M,7
982,86,2018-07-10 07:30:00,506.43023255813955,1.8488372093023255,30,7,TU,7
983,254,2018-07-10 08:00:00,611.1574803149606,5.440944881889764,0,8,TU,7
984,328,2018-07-10 08:30:00,623.1371951219512,3.5609756097560976,30,8,TU,7
985,398,2018-07-10 09:00:00,602.9346733668342,8.28643216080402,0,9,TU,7
986,450,2018-07-10 09:30:00,635.3733333333333,39.35111111111111,30,9,TU,7
987,455,2018-07-10 10:00:00,581.8835164835165,19.47032967032967,0,10,TU,7
988,463,2018-07-10 10:30:00,567.8358531317494,20.235421166306697,30,10,TU,7
989,494,2018-07-10 11:30:00,640.3663967611336,12.089068825910932,30,11,TU,7
990,431,2018-07-10 12:00:00,590.3596287703016,15.129930394431554,0,12,TU,7
991,437,2018-07-10 12:30:00,601.3203661327232,4.810068649885584,30,12,TU,7
992,549,2018-07-10 13:30:00,592.4298724954463,15.639344262295081,30,13,TU,7
993,510,2018-07-10 14:30:00,612.8803921568627,13.423529411764706,30,14,TU,7
994,466,2018-07-10 15:00:00,639.5,1.3798283261802575,0,15,TU,7
995,545,2018-07-10 15:30:00,598.7247706422019,14.644036697247707,30,15,TU,7
996,388,2018-07-10 16:30:00,664.7113402061856,5.979381443298969,30,16,TU,7
997,311,2018-07-10 17:30:00,620.9710610932476,111.73633440514469,30,17,TU,7
998,201,2018-07-10 18:00:00,676.9502487562189,5.626865671641791,0,18,TU,7
999,158,2018-07-10 18:30:00,582.9493670886076,9.639240506329115,30,18,TU,7
1000,6,2018-07-10 19:00:00,205.33333333333334,1.0,0,19,TU,7
1001,3,2018-07-10 19:30:00,532.6666666666666,4.0,30,19,TU,7
1002,103,2018-07-11 07:30:00,429.49514563106794,6.660194174757281,30,7,W,7
1003,254,2018-07-11 08:00:00,497.49212598425197,4.8858267716535435,0,8,W,7
1004,318,2018-07-11 08:30:00,608.6855345911949,8.084905660377359,30,8,W,7
1005,434,2018-07-11 09:00:00,625.6866359447005,111.8225806451613,0,9,W,7
1006,322,2018-07-11 09:30:00,670.1708074534162,63.86024844720497,30,9,W,7
1007,413,2018-07-11 10:00:00,609.3268765133172,22.27360774818402,0,10,W,7
1008,367,2018-07-11 10:30:00,626.9318801089918,3.8746594005449593,30,10,W,7
1009,431,2018-07-11 11:30:00,651.9907192575406,10.134570765661254,30,11,W,7
1010,573,2018-07-11 12:00:00,632.1937172774869,8.411867364746946,0,12,W,7
1011,492,2018-07-11 12:30:00,594.7987804878048,13.772357723577235,30,12,W,7
1012,450,2018-07-11 13:30:00,616.0488888888889,6.568888888888889,30,13,W,7
1013,489,2018-07-11 14:30:00,554.9141104294479,95.77505112474438,30,14,W,7
1014,523,2018-07-11 15:00:00,339.93116634799236,110.74378585086042,0,15,W,7
1015,357,2018-07-11 15:30:00,380.7170868347339,13.5406162464986,30,15,W,7
1016,456,2018-07-11 16:30:00,592.9254385964912,141.74561403508773,30,16,W,7
1017,303,2018-07-11 17:30:00,633.5016501650165,322.3003300330033,30,17,W,7
1018,177,2018-07-11 18:00:00,541.1355932203389,318.909604519774,0,18,W,7
1019,117,2018-07-11 18:30:00,466.46153846153845,291.97435897435895,30,18,W,7
1020,7,2018-07-11 19:00:00,312.42857142857144,1.7142857142857142,0,19,W,7
1021,3,2018-07-11 19:30:00,329.0,5.0,30,19,W,7
1022,86,2018-07-12 07:30:00,484.90697674418607,2.755813953488372,30,7,TH,7
1023,223,2018-07-12 08:00:00,561.2242152466367,8.847533632286995,0,8,TH,7
1024,254,2018-07-12 08:30:00,570.7637795275591,2.9803149606299213,30,8,TH,7
1025,357,2018-07-12 09:00:00,666.6330532212885,11.246498599439775,0,9,TH,7
1026,375,2018-07-12 09:30:00,582.552,31.826666666666668,30,9,TH,7
1027,365,2018-07-12 10:00:00,653.5753424657535,15.72054794520548,0,10,TH,7
1028,368,2018-07-12 10:30:00,666.0489130434783,2.244565217391304,30,10,TH,7
1029,434,2018-07-12 11:30:00,687.1520737327189,17.947004608294932,30,11,TH,7
1030,451,2018-07-12 12:00:00,610.0310421286031,4.8137472283813745,0,12,TH,7
1031,466,2018-07-12 12:30:00,627.3776824034335,12.798283261802576,30,12,TH,7
1032,434,2018-07-12 13:30:00,617.5967741935484,29.746543778801843,30,13,TH,7
1033,461,2018-07-12 14:30:00,614.2234273318873,19.8763557483731,30,14,TH,7
1034,496,2018-07-12 15:00:00,663.8487903225806,51.93346774193548,0,15,TH,7
1035,383,2018-07-12 15:30:00,638.5926892950391,95.1462140992167,30,15,TH,7
1036,389,2018-07-12 16:30:00,549.0539845758354,187.89460154241644,30,16,TH,7
1037,243,2018-07-12 17:30:00,680.2551440329219,119.9753086419753,30,17,TH,7
1038,193,2018-07-12 18:00:00,511.3316062176166,250.27461139896374,0,18,TH,7
1039,122,2018-07-12 18:30:00,417.4836065573771,467.78688524590166,30,18,TH,7
1040,3,2018-07-12 19:30:00,239.33333333333334,10.666666666666666,30,19,TH,7
1041,115,2018-07-13 07:30:00,508.7391304347826,3.008695652173913,30,7,F,7
1042,226,2018-07-13 08:00:00,621.8451327433628,2.769911504424779,0,8,F,7
1043,251,2018-07-13 08:30:00,613.1872509960159,16.350597609561753,30,8,F,7
1044,362,2018-07-13 09:00:00,635.5359116022099,158.87845303867402,0,9,F,7
1045,351,2018-07-13 09:30:00,623.3988603988604,179.06837606837607,30,9,F,7
1046,403,2018-07-13 10:00:00,657.2630272952854,88.6650124069479,0,10,F,7
1047,393,2018-07-13 10:30:00,643.178117048346,4.333333333333333,30,10,F,7
1048,503,2018-07-13 11:30:00,636.7574552683897,54.80318091451292,30,11,F,7
1049,437,2018-07-13 12:00:00,647.3890160183066,139.44851258581235,0,12,F,7
1050,394,2018-07-13 12:30:00,640.6142131979695,103.45939086294416,30,12,F,7
1051,523,2018-07-13 13:30:00,615.6577437858508,86.95028680688337,30,13,F,7
1052,442,2018-07-13 14:30:00,617.9411764705883,188.32579185520362,30,14,F,7
1053,433,2018-07-13 15:00:00,620.8960739030023,153.22632794457274,0,15,F,7
1054,385,2018-07-13 15:30:00,645.8415584415584,156.33766233766235,30,15,F,7
1055,359,2018-07-13 16:30:00,586.941504178273,188.60445682451254,30,16,F,7
1056,248,2018-07-13 17:30:00,519.6975806451613,326.3024193548387,30,17,F,7
1057,136,2018-07-13 18:00:00,514.8676470588235,117.56617647058823,0,18,F,7
1058,134,2018-07-13 18:30:00,432.7089552238806,239.05223880597015,30,18,F,7
1059,3,2018-07-13 19:00:00,257.3333333333333,7.0,0,19,F,7
1060,147,2018-07-16 07:00:00,543.8911564625851,8.761904761904763,0,7,M,7
1061,185,2018-07-16 07:30:00,560.4756756756757,25.2972972972973,30,7,M,7
1062,336,2018-07-16 08:00:00,567.1636904761905,3.380952380952381,0,8,M,7
1063,362,2018-07-16 08:30:00,582.243093922652,38.425414364640886,30,8,M,7
1064,555,2018-07-16 09:00:00,564.3801801801802,269.0900900900901,0,9,M,7
1065,388,2018-07-16 09:30:00,605.340206185567,131.33505154639175,30,9,M,7
1066,610,2018-07-16 10:00:00,651.6524590163934,102.7327868852459,0,10,M,7
1067,587,2018-07-16 10:30:00,593.4940374787053,300.4258943781942,30,10,M,7
1068,626,2018-07-16 11:00:00,551.8482428115016,290.3338658146965,0,11,M,7
1069,562,2018-07-16 11:30:00,532.788256227758,197.63167259786476,30,11,M,7
1070,626,2018-07-16 12:00:00,587.2364217252397,41.215654952076676,0,12,M,7
1071,677,2018-07-16 12:30:00,547.301329394387,127.95716395864106,30,12,M,7
1072,696,2018-07-16 13:00:00,625.4626436781609,223.066091954023,0,13,M,7
1073,654,2018-07-16 13:30:00,563.7737003058104,329.31498470948014,30,13,M,7
1074,493,2018-07-16 14:00:00,631.8498985801217,139.5922920892495,0,14,M,7
1075,691,2018-07-16 14:30:00,639.7264833574529,181.91895803183792,30,14,M,7
1076,520,2018-07-16 15:00:00,623.0307692307692,268.5576923076923,0,15,M,7
1077,543,2018-07-16 15:30:00,584.7458563535912,403.5911602209945,30,15,M,7
1078,462,2018-07-16 16:00:00,602.0432900432901,265.012987012987,0,16,M,7
1079,432,2018-07-16 16:30:00,560.4953703703703,195.50462962962962,30,16,M,7
1080,394,2018-07-16 17:00:00,586.8604060913706,186.76142131979697,0,17,M,7
1081,348,2018-07-16 17:30:00,570.221264367816,133.59195402298852,30,17,M,7
1082,175,2018-07-16 18:00:00,606.6342857142857,130.33142857142857,0,18,M,7
1083,165,2018-07-16 18:30:00,561.0848484848485,3.139393939393939,30,18,M,7
1084,7,2018-07-16 19:00:00,211.28571428571428,247.85714285714286,0,19,M,7
1085,3,2018-07-16 19:30:00,132.66666666666666,486.6666666666667,30,19,M,7
1086,134,2018-07-17 07:00:00,547.2164179104477,8.813432835820896,0,7,TU,7
1087,156,2018-07-17 07:30:00,527.9807692307693,2.2564102564102564,30,7,TU,7
1088,276,2018-07-17 08:00:00,683.0869565217391,2.9855072463768115,0,8,TU,7
1089,266,2018-07-17 08:30:00,585.2293233082706,1.9022556390977443,30,8,TU,7
1090,436,2018-07-17 09:00:00,618.8073394495412,31.559633027522935,0,9,TU,7
1091,414,2018-07-17 09:30:00,584.572463768116,40.42270531400966,30,9,TU,7
1092,466,2018-07-17 10:00:00,607.1502145922747,31.84978540772532,0,10,TU,7
1093,472,2018-07-17 10:30:00,583.7669491525423,29.358050847457626,30,10,TU,7
1094,498,2018-07-17 11:00:00,641.9538152610442,22.616465863453815,0,11,TU,7
1095,515,2018-07-17 11:30:00,611.1184466019417,39.54757281553398,30,11,TU,7
1096,520,2018-07-17 12:00:00,604.1576923076923,30.084615384615386,0,12,TU,7
1097,533,2018-07-17 12:30:00,677.8499061913697,25.923076923076923,30,12,TU,7
1098,468,2018-07-17 13:00:00,618.4145299145299,90.25,0,13,TU,7
1099,460,2018-07-17 13:30:00,650.2760869565218,19.019565217391303,30,13,TU,7
1100,496,2018-07-17 14:00:00,625.9516129032259,99.93346774193549,0,14,TU,7
1101,456,2018-07-17 14:30:00,586.3925438596491,62.03728070175438,30,14,TU,7
1102,528,2018-07-17 15:00:00,554.7386363636364,18.39962121212121,0,15,TU,7
1103,471,2018-07-17 15:30:00,586.1634819532909,19.89384288747346,30,15,TU,7
1104,499,2018-07-17 16:00:00,563.7034068136272,90.38076152304609,0,16,TU,7
1105,570,2018-07-17 16:30:00,451.0561403508772,432.9859649122807,30,16,TU,7
1106,488,2018-07-17 17:00:00,396.9549180327869,636.4405737704918,0,17,TU,7
1107,411,2018-07-17 17:30:00,440.330900243309,629.0,30,17,TU,7
1108,308,2018-07-17 18:00:00,361.2077922077922,481.65909090909093,0,18,TU,7
1109,255,2018-07-17 18:30:00,276.25882352941176,598.1176470588235,30,18,TU,7
1110,5,2018-07-17 19:30:00,68.6,1.6,30,19,TU,7
1111,98,2018-07-18 07:00:00,594.0714285714286,4.744897959183674,0,7,W,7
1112,131,2018-07-18 07:30:00,595.6106870229007,1.618320610687023,30,7,W,7
1113,233,2018-07-18 08:00:00,560.9914163090128,3.6952789699570814,0,8,W,7
1114,299,2018-07-18 08:30:00,602.6387959866221,5.063545150501672,30,8,W,7
1115,430,2018-07-18 09:00:00,599.2860465116279,83.89302325581396,0,9,W,7
1116,390,2018-07-18 09:30:00,583.9564102564102,72.08974358974359,30,9,W,7
1117,462,2018-07-18 10:00:00,609.482683982684,37.45021645021645,0,10,W,7
1118,440,2018-07-18 10:30:00,639.3977272727273,3.5568181818181817,30,10,W,7
1119,461,2018-07-18 11:00:00,592.9544468546637,30.82646420824295,0,11,W,7
1120,429,2018-07-18 11:30:00,589.4079254079254,18.034965034965033,30,11,W,7
1121,531,2018-07-18 12:00:00,625.2994350282486,27.271186440677965,0,12,W,7
1122,468,2018-07-18 12:30:00,675.8034188034188,77.9957264957265,30,12,W,7
1123,443,2018-07-18 13:00:00,623.4582392776524,12.729119638826186,0,13,W,7
1124,452,2018-07-18 13:30:00,656.0685840707964,18.595132743362832,30,13,W,7
1125,505,2018-07-18 14:00:00,621.760396039604,31.73861386138614,0,14,W,7
1126,471,2018-07-18 14:30:00,589.4331210191083,48.4140127388535,30,14,W,7
1127,490,2018-07-18 15:00:00,627.7122448979592,11.885714285714286,0,15,W,7
1128,461,2018-07-18 15:30:00,590.349240780911,58.039045553145336,30,15,W,7
1129,353,2018-07-18 16:00:00,576.3116147308782,67.07365439093485,0,16,W,7
1130,316,2018-07-18 16:30:00,724.3575949367089,71.31645569620254,30,16,W,7
1131,287,2018-07-18 17:00:00,581.9790940766551,209.05574912891987,0,17,W,7
1132,223,2018-07-18 17:30:00,628.6816143497758,219.69058295964126,30,17,W,7
1133,166,2018-07-18 18:00:00,611.3072289156627,141.6144578313253,0,18,W,7
1134,144,2018-07-18 18:30:00,495.3541666666667,95.5625,30,18,W,7
1135,4,2018-07-18 19:00:00,387.75,8.0,0,19,W,7
1136,3,2018-07-18 19:30:00,146.66666666666666,11.0,30,19,W,7
1137,77,2018-07-19 07:00:00,443.2207792207792,3.961038961038961,0,7,TH,7
1138,78,2018-07-19 07:30:00,550.7179487179487,2.717948717948718,30,7,TH,7
1139,199,2018-07-19 08:00:00,561.8492462311558,3.3668341708542715,0,8,TH,7
1140,257,2018-07-19 08:30:00,541.5097276264592,4.085603112840467,30,8,TH,7
1141,347,2018-07-19 09:00:00,639.7636887608069,7.46685878962536,0,9,TH,7
1142,422,2018-07-19 09:30:00,629.0616113744076,18.912322274881518,30,9,TH,7
1143,401,2018-07-19 10:00:00,647.8778054862843,49.576059850374065,0,10,TH,7
1144,429,2018-07-19 10:30:00,617.0769230769231,25.242424242424242,30,10,TH,7
1145,429,2018-07-19 11:00:00,646.039627039627,1.916083916083916,0,11,TH,7
1146,417,2018-07-19 11:30:00,604.0695443645084,2.7434052757793763,30,11,TH,7
1147,392,2018-07-19 12:00:00,606.905612244898,7.456632653061225,0,12,TH,7
1148,509,2018-07-19 12:30:00,653.7387033398821,112.03143418467583,30,12,TH,7
1149,366,2018-07-19 13:00:00,668.4781420765028,16.505464480874316,0,13,TH,7
1150,438,2018-07-19 13:30:00,630.7374429223744,11.21689497716895,30,13,TH,7
1151,449,2018-07-19 14:00:00,664.8329621380847,12.922048997772828,0,14,TH,7
1152,543,2018-07-19 14:30:00,592.8858195211786,77.21546961325967,30,14,TH,7
1153,376,2018-07-19 15:00:00,646.2367021276596,39.37234042553192,0,15,TH,7
1154,422,2018-07-19 15:30:00,596.8578199052133,31.308056872037916,30,15,TH,7
1155,359,2018-07-19 16:00:00,684.2785515320335,72.6991643454039,0,16,TH,7
1156,360,2018-07-19 16:30:00,596.3,192.14444444444445,30,16,TH,7
1157,294,2018-07-19 17:00:00,544.0850340136054,417.46938775510205,0,17,TH,7
1158,245,2018-07-19 17:30:00,542.9673469387756,348.4,30,17,TH,7
1159,149,2018-07-19 18:00:00,458.6241610738255,364.7852348993289,0,18,TH,7
1160,115,2018-07-19 18:30:00,544.7304347826087,167.1391304347826,30,18,TH,7
1161,4,2018-07-19 19:00:00,16.25,7.5,0,19,TH,7
1162,7,2018-07-19 19:30:00,96.42857142857143,44.142857142857146,30,19,TH,7
1163,89,2018-07-20 07:00:00,483.87640449438203,3.6292134831460676,0,7,F,7
1164,113,2018-07-20 07:30:00,503.1946902654867,2.6194690265486726,30,7,F,7
1165,288,2018-07-20 08:00:00,601.8923611111111,50.65277777777778,0,8,F,7
1166,245,2018-07-20 08:30:00,628.0857142857143,56.440816326530616,30,8,F,7
1167,496,2018-07-20 09:00:00,612.0383064516129,239.03629032258064,0,9,F,7
1168,370,2018-07-20 09:30:00,589.9081081081081,325.12432432432433,30,9,F,7
1169,468,2018-07-20 10:00:00,577.8397435897435,163.7008547008547,0,10,F,7
1170,528,2018-07-20 10:30:00,624.2916666666666,184.16666666666666,30,10,F,7
1171,456,2018-07-20 11:00:00,612.3574561403509,242.22587719298247,0,11,F,7
1172,469,2018-07-20 11:30:00,645.1982942430703,40.14498933901919,30,11,F,7
1173,528,2018-07-20 12:00:00,585.1685606060606,202.16666666666666,0,12,F,7
1174,469,2018-07-20 12:30:00,612.9722814498934,80.76972281449893,30,12,F,7
1175,476,2018-07-20 13:00:00,630.4222689075631,79.58403361344538,0,13,F,7
1176,478,2018-07-20 13:30:00,554.3849372384938,48.44351464435147,30,13,F,7
1177,524,2018-07-20 14:00:00,611.1564885496183,43.38358778625954,0,14,F,7
1178,538,2018-07-20 14:30:00,616.003717472119,126.4460966542751,30,14,F,7
1179,337,2018-07-20 15:00:00,609.8278931750742,73.78635014836796,0,15,F,7
1180,379,2018-07-20 15:30:00,615.5514511873351,12.263852242744063,30,15,F,7
1181,371,2018-07-20 16:00:00,672.3261455525607,247.58490566037736,0,16,F,7
1182,322,2018-07-20 16:30:00,581.0652173913044,390.527950310559,30,16,F,7
1183,234,2018-07-20 17:00:00,565.2094017094017,415.5982905982906,0,17,F,7
1184,251,2018-07-20 17:30:00,562.410358565737,482.99203187251,30,17,F,7
1185,129,2018-07-20 18:00:00,443.09302325581393,683.9069767441861,0,18,F,7
1186,85,2018-07-20 18:30:00,472.4235294117647,315.9294117647059,30,18,F,7
1187,7,2018-07-20 19:00:00,377.42857142857144,13.714285714285714,0,19,F,7
1188,5,2018-07-20 19:30:00,740.0,1.8,30,19,F,7
1189,176,2018-07-23 07:30:00,547.1079545454545,1.5284090909090908,30,7,M,7
1190,388,2018-07-23 08:00:00,597.9536082474227,5.837628865979381,0,8,M,7
1191,418,2018-07-23 08:30:00,597.1842105263158,35.6267942583732,30,8,M,7
1192,569,2018-07-23 09:00:00,601.7908611599297,130.96133567662565,0,9,M,7
1193,583,2018-07-23 09:30:00,578.7101200686106,221.78044596912522,30,9,M,7
1194,716,2018-07-23 10:00:00,546.1005586592179,314.6550279329609,0,10,M,7
1195,671,2018-07-23 10:30:00,560.50521609538,335.3204172876304,30,10,M,7
1196,705,2018-07-23 11:30:00,577.2269503546099,189.75886524822695,30,11,M,7
1197,732,2018-07-23 12:00:00,588.6598360655738,280.72131147540983,0,12,M,7
1198,702,2018-07-23 12:30:00,581.6652421652421,283.64957264957263,30,12,M,7
1199,758,2018-07-23 13:30:00,545.6345646437994,319.81002638522426,30,13,M,7
1200,594,2018-07-23 14:30:00,555.0622895622896,246.02020202020202,30,14,M,7
1201,687,2018-07-23 15:00:00,547.7743813682679,328.51528384279476,0,15,M,7
1202,664,2018-07-23 15:30:00,539.8403614457832,367.4066265060241,30,15,M,7
1203,478,2018-07-23 16:30:00,479.21338912133893,493.45188284518827,30,16,M,7
1204,334,2018-07-23 17:30:00,575.3982035928144,124.94610778443113,30,17,M,7
1205,245,2018-07-23 18:00:00,622.804081632653,77.41224489795918,0,18,M,7
1206,172,2018-07-23 18:30:00,569.0639534883721,70.31395348837209,30,18,M,7
1207,4,2018-07-23 19:00:00,29.0,1.25,0,19,M,7
1208,6,2018-07-23 19:30:00,285.6666666666667,4.166666666666667,30,19,M,7
1209,172,2018-07-24 07:30:00,547.5697674418604,3.744186046511628,30,7,TU,7
1210,289,2018-07-24 08:00:00,649.0346020761245,17.006920415224915,0,8,TU,7
1211,277,2018-07-24 08:30:00,554.5270758122743,15.277978339350181,30,8,TU,7
1212,472,2018-07-24 09:00:00,627.6694915254237,27.103813559322035,0,9,TU,7
1213,504,2018-07-24 09:30:00,610.1190476190476,152.1468253968254,30,9,TU,7
1214,531,2018-07-24 10:00:00,632.4726930320151,76.72504708097928,0,10,TU,7
1215,499,2018-07-24 10:30:00,610.9759519038076,29.95390781563126,30,10,TU,7
1216,520,2018-07-24 11:30:00,652.8711538461539,27.584615384615386,30,11,TU,7
1217,520,2018-07-24 12:00:00,629.8961538461539,53.80576923076923,0,12,TU,7
1218,551,2018-07-24 12:30:00,638.2831215970962,119.70780399274047,30,12,TU,7
1219,535,2018-07-24 13:30:00,629.3476635514019,45.1981308411215,30,13,TU,7
1220,519,2018-07-24 14:30:00,563.6782273603083,102.77456647398844,30,14,TU,7
1221,505,2018-07-24 15:00:00,595.5267326732674,85.62376237623762,0,15,TU,7
1222,439,2018-07-24 15:30:00,599.4077448747153,81.2870159453303,30,15,TU,7
1223,391,2018-07-24 16:30:00,649.5856777493606,120.89514066496163,30,16,TU,7
1224,294,2018-07-24 17:30:00,571.1054421768707,219.99659863945578,30,17,TU,7
1225,154,2018-07-24 18:00:00,523.9545454545455,152.54545454545453,0,18,TU,7
1226,127,2018-07-24 18:30:00,528.1889763779527,16.937007874015748,30,18,TU,7
1227,7,2018-07-24 19:00:00,115.14285714285714,40.714285714285715,0,19,TU,7
1228,2,2018-07-24 19:30:00,81.0,0.5,30,19,TU,7
1229,85,2018-07-25 07:30:00,492.5529411764706,2.176470588235294,30,7,W,7
1230,254,2018-07-25 08:00:00,639.7677165354331,15.066929133858268,0,8,W,7
1231,276,2018-07-25 08:30:00,547.1557971014493,3.1340579710144927,30,8,W,7
1232,397,2018-07-25 09:00:00,616.1586901763225,62.4080604534005,0,9,W,7
1233,440,2018-07-25 09:30:00,620.7590909090909,109.60909090909091,30,9,W,7
1234,411,2018-07-25 10:00:00,638.301703163017,110.86861313868613,0,10,W,7
1235,452,2018-07-25 10:30:00,596.1526548672566,13.238938053097344,30,10,W,7
1236,462,2018-07-25 11:30:00,654.521645021645,30.396103896103895,30,11,W,7
1237,537,2018-07-25 12:00:00,621.4208566108008,29.854748603351954,0,12,W,7
1238,484,2018-07-25 12:30:00,616.4070247933885,21.268595041322314,30,12,W,7
1239,488,2018-07-25 13:30:00,624.5676229508197,3.889344262295082,30,13,W,7
1240,529,2018-07-25 14:30:00,601.5708884688091,31.708884688090738,30,14,W,7
1241,507,2018-07-25 15:00:00,622.6508875739645,36.38461538461539,0,15,W,7
1242,457,2018-07-25 15:30:00,645.2669584245076,91.73960612691467,30,15,W,7
1243,329,2018-07-25 16:30:00,594.0243161094224,38.151975683890576,30,16,W,7
1244,276,2018-07-25 17:30:00,498.8695652173913,248.1340579710145,30,17,W,7
1245,141,2018-07-25 18:00:00,587.063829787234,15.99290780141844,0,18,W,7
1246,138,2018-07-25 18:30:00,541.6231884057971,14.58695652173913,30,18,W,7
1247,4,2018-07-25 19:00:00,251.25,145.75,0,19,W,7
1248,6,2018-07-25 19:30:00,492.5,167.66666666666666,30,19,W,7
1249,102,2018-07-26 07:30:00,582.5980392156863,1.7549019607843137,30,7,TH,7
1250,255,2018-07-26 08:00:00,623.8352941176471,7.674509803921569,0,8,TH,7
1251,286,2018-07-26 08:30:00,577.1748251748252,8.881118881118882,30,8,TH,7
1252,381,2018-07-26 09:00:00,658.1049868766404,89.57217847769029,0,9,TH,7
1253,396,2018-07-26 09:30:00,622.6439393939394,84.54797979797979,30,9,TH,7
1254,377,2018-07-26 10:00:00,598.9230769230769,54.05039787798408,0,10,TH,7
1255,390,2018-07-26 10:30:00,510.1,2.8333333333333335,30,10,TH,7
1256,434,2018-07-26 11:30:00,683.2188940092166,2.877880184331797,30,11,TH,7
1257,415,2018-07-26 12:00:00,667.7734939759036,2.7156626506024097,0,12,TH,7
1258,473,2018-07-26 12:30:00,663.4122621564482,26.917547568710358,30,12,TH,7
1259,372,2018-07-26 13:30:00,609.2741935483871,67.98655913978494,30,13,TH,7
1260,439,2018-07-26 14:30:00,611.8223234624146,41.59681093394077,30,14,TH,7
1261,414,2018-07-26 15:00:00,644.1159420289855,12.509661835748792,0,15,TH,7
1262,417,2018-07-26 15:30:00,650.6570743405276,47.21582733812949,30,15,TH,7
1263,286,2018-07-26 16:30:00,560.0034965034965,161.5909090909091,30,16,TH,7
1264,246,2018-07-26 17:30:00,545.9186991869918,141.84146341463415,30,17,TH,7
1265,155,2018-07-26 18:00:00,651.0451612903225,69.97419354838709,0,18,TH,7
1266,118,2018-07-26 18:30:00,522.9406779661017,1.4322033898305084,30,18,TH,7
1267,3,2018-07-26 19:00:00,431.6666666666667,2.6666666666666665,0,19,TH,7
1268,8,2018-07-26 19:30:00,417.125,36.5,30,19,TH,7
1269,112,2018-07-27 07:30:00,466.9017857142857,1.5178571428571428,30,7,F,7
1270,277,2018-07-27 08:00:00,613.4332129963899,15.11913357400722,0,8,F,7
1271,312,2018-07-27 08:30:00,538.3814102564103,188.68910256410257,30,8,F,7
1272,441,2018-07-27 09:00:00,481.4761904761905,78.8843537414966,0,9,F,7
1273,476,2018-07-27 09:30:00,596.8865546218487,130.03781512605042,30,9,F,7
1274,384,2018-07-27 10:00:00,637.3489583333334,29.731770833333332,0,10,F,7
1275,485,2018-07-27 10:30:00,619.2144329896907,25.655670103092785,30,10,F,7
1276,490,2018-07-27 11:30:00,615.1020408163265,21.042857142857144,30,11,F,7
1277,515,2018-07-27 12:00:00,609.6194174757281,47.751456310679615,0,12,F,7
1278,483,2018-07-27 12:30:00,621.5072463768116,114.55072463768116,30,12,F,7
1279,469,2018-07-27 13:30:00,674.5479744136461,80.13432835820896,30,13,F,7
1280,498,2018-07-27 14:30:00,621.933734939759,109.47590361445783,30,14,F,7
1281,427,2018-07-27 15:00:00,672.6814988290398,98.18735362997658,0,15,F,7
1282,497,2018-07-27 15:30:00,612.569416498994,192.59758551307846,30,15,F,7
1283,297,2018-07-27 16:30:00,677.4680134680135,120.01346801346801,30,16,F,7
1284,289,2018-07-27 17:30:00,516.636678200692,182.4567474048443,30,17,F,7
1285,149,2018-07-27 18:00:00,516.3557046979865,175.14093959731542,0,18,F,7
1286,126,2018-07-27 18:30:00,565.1349206349206,53.55555555555556,30,18,F,7
1287,7,2018-07-27 19:00:00,217.42857142857142,319.14285714285717,0,19,F,7
1288,4,2018-07-27 19:30:00,63.0,110.5,30,19,F,7
1289,159,2018-07-30 07:00:00,554.2452830188679,8.641509433962264,0,7,M,7
1290,179,2018-07-30 07:30:00,511.68715083798884,1.4357541899441342,30,7,M,7
1291,349,2018-07-30 08:00:00,520.7621776504297,12.392550143266476,0,8,M,7
1292,381,2018-07-30 08:30:00,612.0656167979002,2.341207349081365,30,8,M,7
1293,525,2018-07-30 09:00:00,616.8019047619048,130.83238095238096,0,9,M,7
1294,474,2018-07-30 09:30:00,596.1983122362869,120.0126582278481,30,9,M,7
1295,611,2018-07-30 10:00:00,564.4271685761047,149.75122749590835,0,10,M,7
1296,628,2018-07-30 10:30:00,599.4888535031847,202.4108280254777,30,10,M,7
1297,615,2018-07-30 11:00:00,549.4048780487805,230.35934959349592,0,11,M,7
1298,650,2018-07-30 11:30:00,634.4107692307692,227.2246153846154,30,11,M,7
1299,587,2018-07-30 12:00:00,544.8313458262351,288.3679727427598,0,12,M,7
1300,634,2018-07-30 12:30:00,653.596214511041,205.4211356466877,30,12,M,7
1301,590,2018-07-30 13:00:00,601.1508474576272,250.60169491525423,0,13,M,7
1302,670,2018-07-30 13:30:00,537.9104477611941,312.2656716417911,30,13,M,7
1303,715,2018-07-30 14:00:00,507.93706293706293,345.4769230769231,0,14,M,7
1304,609,2018-07-30 14:30:00,574.3054187192118,300.01149425287355,30,14,M,7
1305,635,2018-07-30 15:00:00,509.40157480314963,339.33228346456696,0,15,M,7
1306,624,2018-07-30 15:30:00,553.5657051282051,376.1826923076923,30,15,M,7
1307,554,2018-07-30 16:00:00,513.586642599278,438.4097472924188,0,16,M,7
1308,521,2018-07-30 16:30:00,507.8214971209213,474.56813819577735,30,16,M,7
1309,454,2018-07-30 17:00:00,507.8920704845815,590.7995594713657,0,17,M,7
1310,369,2018-07-30 17:30:00,435.64769647696477,631.9620596205962,30,17,M,7
1311,217,2018-07-30 18:00:00,479.3271889400922,461.0967741935484,0,18,M,7
1312,155,2018-07-30 18:30:00,509.0774193548387,210.18064516129033,30,18,M,7
1313,6,2018-07-30 19:00:00,203.16666666666666,410.8333333333333,0,19,M,7
1314,5,2018-07-30 19:30:00,177.8,21.0,30,19,M,7
1315,113,2018-07-31 07:00:00,566.7256637168142,4.1415929203539825,0,7,TU,7
1316,177,2018-07-31 07:30:00,599.728813559322,3.1977401129943503,30,7,TU,7
1317,257,2018-07-31 08:00:00,580.6770428015565,4.326848249027237,0,8,TU,7
1318,299,2018-07-31 08:30:00,577.7826086956521,7.080267558528428,30,8,TU,7
1319,486,2018-07-31 09:00:00,571.5452674897119,178.48765432098764,0,9,TU,7
1320,447,2018-07-31 09:30:00,565.9261744966443,114.24608501118568,30,9,TU,7
1321,520,2018-07-31 10:00:00,635.4769230769231,108.68461538461538,0,10,TU,7
1322,593,2018-07-31 10:30:00,572.8465430016863,70.09780775716695,30,10,TU,7
1323,582,2018-07-31 11:00:00,624.3659793814433,170.05670103092783,0,11,TU,7
1324,479,2018-07-31 11:30:00,607.6576200417536,96.87682672233821,30,11,TU,7
1325,576,2018-07-31 12:00:00,602.9565972222222,93.76215277777777,0,12,TU,7
1326,564,2018-07-31 12:30:00,584.0992907801418,49.698581560283685,30,12,TU,7
1327,535,2018-07-31 13:00:00,638.7084112149532,66.2411214953271,0,13,TU,7
1328,561,2018-07-31 13:30:00,577.7504456327986,186.54367201426024,30,13,TU,7
1329,583,2018-07-31 14:00:00,579.7907375643225,157.12521440823326,0,14,TU,7
1330,550,2018-07-31 14:30:00,555.9727272727273,188.0509090909091,30,14,TU,7
1331,566,2018-07-31 15:00:00,536.404593639576,208.13957597173146,0,15,TU,7
1332,414,2018-07-31 15:30:00,596.5434782608696,86.97342995169082,30,15,TU,7
1333,448,2018-07-31 16:00:00,635.5267857142857,135.47767857142858,0,16,TU,7
1334,448,2018-07-31 16:30:00,581.1741071428571,348.56919642857144,30,16,TU,7
1335,320,2018-07-31 17:00:00,555.884375,539.834375,0,17,TU,7
1336,310,2018-07-31 17:30:00,550.0258064516129,431.6161290322581,30,17,TU,7
1337,172,2018-07-31 18:00:00,507.3139534883721,405.2848837209302,0,18,TU,7
1338,152,2018-07-31 18:30:00,553.5328947368421,79.80263157894737,30,18,TU,7
1339,5,2018-07-31 19:00:00,763.0,51.4,0,19,TU,7
1340,5,2018-07-31 19:30:00,417.2,25.6,30,19,TU,7
1341,111,2018-08-01 07:00:00,530.0900900900901,4.63963963963964,0,7,W,8
1342,113,2018-08-01 07:30:00,569.7345132743363,2.495575221238938,30,7,W,8
1343,289,2018-08-01 08:00:00,602.8650519031141,20.418685121107266,0,8,W,8
1344,323,2018-08-01 08:30:00,583.1919504643963,11.455108359133128,30,8,W,8
1345,400,2018-08-01 09:00:00,585.2325,132.865,0,9,W,8
1346,440,2018-08-01 09:30:00,589.0318181818182,314.7113636363636,30,9,W,8
1347,369,2018-08-01 10:00:00,563.420054200542,306.92140921409214,0,10,W,8
1348,499,2018-08-01 10:30:00,581.6553106212425,251.2685370741483,30,10,W,8
1349,433,2018-08-01 11:00:00,516.0739030023095,419.97228637413394,0,11,W,8
1350,517,2018-08-01 11:30:00,576.4758220502902,94.35009671179884,30,11,W,8
1351,508,2018-08-01 12:00:00,559.0531496062993,334.56299212598424,0,12,W,8
1352,420,2018-08-01 12:30:00,619.1428571428571,233.30714285714285,30,12,W,8
1353,466,2018-08-01 13:00:00,514.6502145922747,84.44420600858369,0,13,W,8
1354,384,2018-08-01 13:30:00,447.953125,80.77083333333333,30,13,W,8
1355,130,2018-08-01 14:00:00,440.75384615384615,167.01538461538462,0,14,W,8
1356,89,2018-08-01 14:30:00,408.1123595505618,4.966292134831461,30,14,W,8
1357,137,2018-08-01 15:00:00,519.2773722627737,3.18978102189781,0,15,W,8
1358,457,2018-08-01 15:30:00,599.2275711159738,56.649890590809626,30,15,W,8
1359,438,2018-08-01 16:00:00,623.8835616438356,167.06392694063928,0,16,W,8
1360,381,2018-08-01 16:30:00,625.2729658792651,418.4461942257218,30,16,W,8
1361,384,2018-08-01 17:00:00,490.2057291666667,698.2734375,0,17,W,8
1362,276,2018-08-01 17:30:00,490.8768115942029,844.8913043478261,30,17,W,8
1363,208,2018-08-01 18:00:00,425.8317307692308,783.0913461538462,0,18,W,8
1364,174,2018-08-01 18:30:00,419.07471264367814,809.7183908045977,30,18,W,8
1365,6,2018-08-01 19:00:00,552.3333333333334,224.16666666666666,0,19,W,8
1366,7,2018-08-01 19:30:00,218.71428571428572,351.85714285714283,30,19,W,8
1367,80,2018-08-02 07:00:00,488.0625,3.6375,0,7,TH,8
1368,108,2018-08-02 07:30:00,577.425925925926,2.185185185185185,30,7,TH,8
1369,246,2018-08-02 08:00:00,592.9268292682926,1.8943089430894309,0,8,TH,8
1370,265,2018-08-02 08:30:00,632.3320754716981,69.93584905660377,30,8,TH,8
1371,416,2018-08-02 09:00:00,717.3701923076923,85.2139423076923,0,9,TH,8
1372,388,2018-08-02 09:30:00,675.0335051546392,104.94845360824742,30,9,TH,8
1373,376,2018-08-02 10:00:00,609.0718085106383,49.09574468085106,0,10,TH,8
1374,444,2018-08-02 10:30:00,656.4256756756756,2.4436936936936937,30,10,TH,8
1375,489,2018-08-02 11:00:00,606.5419222903886,4.576687116564417,0,11,TH,8
1376,558,2018-08-02 11:30:00,600.0215053763441,13.21505376344086,30,11,TH,8
1377,539,2018-08-02 12:00:00,616.5231910946196,16.448979591836736,0,12,TH,8
1378,503,2018-08-02 12:30:00,625.9522862823062,36.0934393638171,30,12,TH,8
1379,512,2018-08-02 13:00:00,651.859375,106.953125,0,13,TH,8
1380,465,2018-08-02 13:30:00,624.6924731182796,59.847311827956986,30,13,TH,8
1381,478,2018-08-02 14:00:00,612.3284518828452,69.85564853556485,0,14,TH,8
1382,482,2018-08-02 14:30:00,698.7572614107884,36.128630705394194,30,14,TH,8
1383,355,2018-08-02 15:00:00,646.3802816901408,41.23380281690141,0,15,TH,8
1384,375,2018-08-02 15:30:00,617.104,37.864,30,15,TH,8
1385,409,2018-08-02 16:00:00,669.0611246943765,112.2200488997555,0,16,TH,8
1386,339,2018-08-02 16:30:00,548.637168141593,245.96755162241888,30,16,TH,8
1387,332,2018-08-02 17:00:00,540.1686746987951,396.48192771084337,0,17,TH,8
1388,244,2018-08-02 17:30:00,561.811475409836,382.7418032786885,30,17,TH,8
1389,200,2018-08-02 18:00:00,570.035,420.045,0,18,TH,8
1390,126,2018-08-02 18:30:00,437.9047619047619,336.1507936507937,30,18,TH,8
1391,2,2018-08-02 19:00:00,61.0,2.0,0,19,TH,8
1392,3,2018-08-02 19:30:00,73.0,0.3333333333333333,30,19,TH,8
1393,62,2018-08-03 07:00:00,520.1129032258065,4.016129032258065,0,7,F,8
1394,138,2018-08-03 07:30:00,492.10869565217394,1.8043478260869565,30,7,F,8
1395,305,2018-08-03 08:00:00,636.4918032786885,1.9836065573770492,0,8,F,8
1396,334,2018-08-03 08:30:00,615.5538922155689,3.2724550898203595,30,8,F,8
1397,494,2018-08-03 09:00:00,671.8137651821862,175.83603238866397,0,9,F,8
1398,373,2018-08-03 09:30:00,602.1662198391421,193.19839142091152,30,9,F,8
1399,419,2018-08-03 10:00:00,647.9713603818616,250.45823389021479,0,10,F,8
1400,424,2018-08-03 10:30:00,685.6650943396227,91.36556603773585,30,10,F,8
1401,445,2018-08-03 11:00:00,624.0786516853933,126.77752808988764,0,11,F,8
1402,549,2018-08-03 11:30:00,612.7049180327868,215.39344262295083,30,11,F,8
1403,544,2018-08-03 12:00:00,578.8235294117648,323.7022058823529,0,12,F,8
1404,486,2018-08-03 12:30:00,562.5781893004115,340.2283950617284,30,12,F,8
1405,440,2018-08-03 13:00:00,671.4136363636363,57.31818181818182,0,13,F,8
1406,485,2018-08-03 13:30:00,549.0350515463917,109.03092783505154,30,13,F,8
1407,487,2018-08-03 14:00:00,620.7227926078028,36.59958932238193,0,14,F,8
1408,509,2018-08-03 14:30:00,615.1434184675835,209.46758349705306,30,14,F,8
1409,417,2018-08-03 15:00:00,542.1558752997602,280.0,0,15,F,8
1410,448,2018-08-03 15:30:00,607.9665178571429,361.69642857142856,30,15,F,8
1411,375,2018-08-03 16:00:00,612.9173333333333,458.7733333333333,0,16,F,8
1412,342,2018-08-03 16:30:00,519.906432748538,574.953216374269,30,16,F,8
1413,381,2018-08-03 17:00:00,431.3963254593176,811.3359580052494,0,17,F,8
1414,262,2018-08-03 17:30:00,409.8167938931298,945.7061068702291,30,17,F,8
1415,120,2018-08-03 18:00:00,558.8833333333333,790.6166666666667,0,18,F,8
1416,139,2018-08-03 18:30:00,315.56115107913666,528.863309352518,30,18,F,8
1417,215,2018-08-06 07:30:00,521.0883720930233,1.3255813953488371,30,7,M,8
1418,356,2018-08-06 08:00:00,634.25,5.96067415730337,0,8,M,8
1419,396,2018-08-06 08:30:00,570.0833333333334,3.6262626262626263,30,8,M,8
1420,558,2018-08-06 09:00:00,624.1989247311828,126.75089605734767,0,9,M,8
1421,612,2018-08-06 09:30:00,581.5490196078431,173.7107843137255,30,9,M,8
1422,621,2018-08-06 10:00:00,627.5636070853462,191.06763285024155,0,10,M,8
1423,632,2018-08-06 10:30:00,621.495253164557,145.7373417721519,30,10,M,8
1424,663,2018-08-06 11:30:00,627.4313725490196,188.48868778280544,30,11,M,8
1425,622,2018-08-06 12:00:00,568.6495176848874,184.79099678456592,0,12,M,8
1426,610,2018-08-06 12:30:00,613.8213114754099,152.25901639344264,30,12,M,8
1427,586,2018-08-06 13:30:00,616.0273037542662,60.660409556313994,30,13,M,8
1428,638,2018-08-06 14:30:00,565.8495297805642,221.40438871473353,30,14,M,8
1429,645,2018-08-06 15:00:00,591.8713178294573,269.41550387596897,0,15,M,8
1430,619,2018-08-06 15:30:00,550.8804523424878,431.21647819063,30,15,M,8
1431,534,2018-08-06 16:30:00,522.9531835205993,523.4644194756554,30,16,M,8
1432,291,2018-08-06 17:30:00,617.7422680412371,372.2920962199313,30,17,M,8
1433,262,2018-08-06 18:00:00,448.7022900763359,388.00763358778624,0,18,M,8
1434,202,2018-08-06 18:30:00,437.7920792079208,329.8514851485148,30,18,M,8
1435,4,2018-08-06 19:00:00,43.5,0.25,0,19,M,8
1436,137,2018-08-07 07:30:00,508.05109489051097,2.978102189781022,30,7,TU,8
1437,266,2018-08-07 08:00:00,583.6390977443609,2.744360902255639,0,8,TU,8
1438,323,2018-08-07 08:30:00,600.8854489164087,20.708978328173373,30,8,TU,8
1439,429,2018-08-07 09:00:00,621.018648018648,57.48951048951049,0,9,TU,8
1440,392,2018-08-07 09:30:00,607.7933673469388,24.035714285714285,30,9,TU,8
1441,489,2018-08-07 10:00:00,657.1840490797546,2.5644171779141103,0,10,TU,8
1442,520,2018-08-07 10:30:00,628.9173076923076,80.13653846153846,30,10,TU,8
1443,536,2018-08-07 11:30:00,600.2873134328358,10.333955223880597,30,11,TU,8
1444,555,2018-08-07 12:00:00,626.827027027027,59.13333333333333,0,12,TU,8
1445,443,2018-08-07 12:30:00,622.3544018058691,25.288939051918735,30,12,TU,8
1446,455,2018-08-07 13:30:00,642.0043956043957,7.002197802197802,30,13,TU,8
1447,439,2018-08-07 14:30:00,620.2346241457859,7.093394077448747,30,14,TU,8
1448,536,2018-08-07 15:00:00,637.9253731343283,25.746268656716417,0,15,TU,8
1449,486,2018-08-07 15:30:00,571.8086419753087,176.42592592592592,30,15,TU,8
1450,381,2018-08-07 16:30:00,547.1364829396325,375.501312335958,30,16,TU,8
1451,279,2018-08-07 17:30:00,509.3405017921147,472.27598566308245,30,17,TU,8
1452,232,2018-08-07 18:00:00,488.03879310344826,469.1810344827586,0,18,TU,8
1453,167,2018-08-07 18:30:00,369.96407185628743,596.3233532934132,30,18,TU,8
1454,10,2018-08-07 19:00:00,489.8,1.9,0,19,TU,8
1455,3,2018-08-07 19:30:00,320.6666666666667,2.3333333333333335,30,19,TU,8
1456,105,2018-08-08 07:30:00,599.552380952381,2.2857142857142856,30,7,W,8
1457,287,2018-08-08 08:00:00,622.9547038327526,6.055749128919861,0,8,W,8
1458,288,2018-08-08 08:30:00,657.9340277777778,6.923611111111111,30,8,W,8
1459,383,2018-08-08 09:00:00,703.958224543081,43.0,0,9,W,8
1460,351,2018-08-08 09:30:00,609.3076923076923,10.23076923076923,30,9,W,8
1461,449,2018-08-08 10:00:00,598.4922048997773,17.510022271714924,0,10,W,8
1462,423,2018-08-08 10:30:00,589.063829787234,7.130023640661938,30,10,W,8
1463,408,2018-08-08 11:30:00,615.3848039215686,10.397058823529411,30,11,W,8
1464,478,2018-08-08 12:00:00,645.2050209205021,38.55020920502092,0,12,W,8
1465,431,2018-08-08 12:30:00,613.4060324825986,3.4756380510440836,30,12,W,8
1466,453,2018-08-08 13:30:00,669.8256070640176,2.1015452538631347,30,13,W,8
1467,474,2018-08-08 14:30:00,617.6392405063291,20.862869198312236,30,14,W,8
1468,427,2018-08-08 15:00:00,616.768149882904,5.613583138173302,0,15,W,8
1469,370,2018-08-08 15:30:00,616.7027027027027,1.7378378378378379,30,15,W,8
1470,317,2018-08-08 16:30:00,614.7003154574132,30.750788643533124,30,16,W,8
1471,267,2018-08-08 17:30:00,605.2059925093633,285.749063670412,30,17,W,8
1472,165,2018-08-08 18:00:00,576.769696969697,300.3090909090909,0,18,W,8
1473,133,2018-08-08 18:30:00,544.5263157894736,113.57142857142857,30,18,W,8
1474,3,2018-08-08 19:00:00,263.0,7.333333333333333,0,19,W,8
1475,106,2018-08-09 07:30:00,425.72641509433964,1.8962264150943395,30,7,TH,8
1476,230,2018-08-09 08:00:00,588.695652173913,1.9478260869565218,0,8,TH,8
1477,256,2018-08-09 08:30:00,556.3984375,4.09765625,30,8,TH,8
1478,439,2018-08-09 09:00:00,632.507972665148,26.774487471526196,0,9,TH,8
1479,396,2018-08-09 09:30:00,641.239898989899,33.41919191919192,30,9,TH,8
1480,352,2018-08-09 10:00:00,639.03125,1.6477272727272727,0,10,TH,8
1481,432,2018-08-09 10:30:00,621.863425925926,21.21759259259259,30,10,TH,8
1482,440,2018-08-09 11:30:00,619.7863636363636,7.8545454545454545,30,11,TH,8
1483,458,2018-08-09 12:00:00,582.7838427947598,21.37336244541485,0,12,TH,8
1484,402,2018-08-09 12:30:00,598.1019900497513,37.68905472636816,30,12,TH,8
1485,490,2018-08-09 13:30:00,633.1204081632653,8.059183673469388,30,13,TH,8
1486,445,2018-08-09 14:30:00,631.323595505618,2.757303370786517,30,14,TH,8
1487,436,2018-08-09 15:00:00,610.0298165137615,11.974770642201834,0,15,TH,8
1488,390,2018-08-09 15:30:00,591.3692307692307,47.292307692307695,30,15,TH,8
1489,348,2018-08-09 16:30:00,583.1408045977012,238.68103448275863,30,16,TH,8
1490,174,2018-08-09 17:30:00,596.316091954023,182.64367816091954,30,17,TH,8
1491,151,2018-08-09 18:00:00,537.3509933774834,210.66887417218544,0,18,TH,8
1492,119,2018-08-09 18:30:00,446.43697478991595,379.5546218487395,30,18,TH,8
1493,2,2018-08-09 19:00:00,60.0,15.0,0,19,TH,8
1494,2,2018-08-09 19:30:00,229.0,6.5,30,19,TH,8
1495,125,2018-08-10 07:30:00,596.416,1.904,30,7,F,8
1496,214,2018-08-10 08:00:00,624.0280373831775,2.621495327102804,0,8,F,8
1497,246,2018-08-10 08:30:00,607.7560975609756,2.154471544715447,30,8,F,8
1498,354,2018-08-10 09:00:00,649.5084745762712,86.22598870056497,0,9,F,8
1499,421,2018-08-10 09:30:00,566.4418052256532,40.79334916864608,30,9,F,8
1500,404,2018-08-10 10:00:00,635.5643564356436,13.893564356435643,0,10,F,8
1501,400,2018-08-10 10:30:00,622.725,2.13,30,10,F,8
1502,412,2018-08-10 11:30:00,606.3082524271845,2.1237864077669903,30,11,F,8
1503,415,2018-08-10 12:00:00,662.8409638554217,12.096385542168674,0,12,F,8
1504,387,2018-08-10 12:30:00,692.0103359173127,3.640826873385013,30,12,F,8
1505,432,2018-08-10 13:30:00,638.0902777777778,2.1481481481481484,30,13,F,8
1506,446,2018-08-10 14:30:00,658.0784753363229,7.894618834080718,30,14,F,8
1507,456,2018-08-10 15:00:00,639.2302631578947,53.780701754385966,0,15,F,8
1508,345,2018-08-10 15:30:00,608.631884057971,21.553623188405798,30,15,F,8
1509,317,2018-08-10 16:30:00,644.6403785488959,187.6876971608833,30,16,F,8
1510,151,2018-08-10 17:30:00,544.9139072847682,312.8079470198675,30,17,F,8
1511,159,2018-08-10 18:00:00,622.5345911949686,153.42767295597486,0,18,F,8
1512,103,2018-08-10 18:30:00,512.6407766990292,93.0,30,18,F,8
1513,6,2018-08-10 19:00:00,288.5,2.6666666666666665,0,19,F,8
1514,5,2018-08-10 19:30:00,104.6,0.4,30,19,F,8
1515,147,2018-08-13 07:30:00,441.10884353741494,3.7891156462585034,30,7,M,8
1516,325,2018-08-13 08:00:00,613.4892307692307,6.6923076923076925,0,8,M,8
1517,360,2018-08-13 08:30:00,595.5694444444445,8.683333333333334,30,8,M,8
1518,519,2018-08-13 09:00:00,601.2928709055876,87.66088631984586,0,9,M,8
1519,452,2018-08-13 09:30:00,600.3230088495575,13.734513274336283,30,9,M,8
1520,494,2018-08-13 10:00:00,588.9696356275304,93.51619433198381,0,10,M,8
1521,524,2018-08-13 10:30:00,651.9923664122138,11.994274809160306,30,10,M,8
1522,630,2018-08-13 11:30:00,598.8333333333334,205.94285714285715,30,11,M,8
1523,632,2018-08-13 12:00:00,589.8148734177215,229.29272151898735,0,12,M,8
1524,565,2018-08-13 12:30:00,588.929203539823,143.69026548672565,30,12,M,8
1525,572,2018-08-13 13:30:00,606.2762237762238,141.91783216783216,30,13,M,8
1526,554,2018-08-13 14:30:00,599.5992779783394,194.31949458483754,30,14,M,8
1527,535,2018-08-13 15:00:00,596.188785046729,147.40373831775702,0,15,M,8
1528,533,2018-08-13 15:30:00,554.9474671669793,220.06191369606003,30,15,M,8
1529,420,2018-08-13 16:30:00,556.3761904761905,220.9857142857143,30,16,M,8
1530,243,2018-08-13 17:30:00,650.2098765432099,213.91358024691357,30,17,M,8
1531,202,2018-08-13 18:00:00,612.4207920792079,176.15841584158414,0,18,M,8
1532,182,2018-08-13 18:30:00,433.54945054945057,340.38461538461536,30,18,M,8
1533,3,2018-08-13 19:00:00,15.333333333333334,4.0,0,19,M,8
1534,8,2018-08-13 19:30:00,355.5,6.5,30,19,M,8
1535,94,2018-08-14 07:30:00,533.0851063829788,2.606382978723404,30,7,TU,8
1536,325,2018-08-14 08:00:00,522.5938461538461,12.206153846153846,0,8,TU,8
1537,293,2018-08-14 08:30:00,505.6689419795222,5.539249146757679,30,8,TU,8
1538,410,2018-08-14 09:00:00,641.8243902439025,43.0390243902439,0,9,TU,8
1539,444,2018-08-14 09:30:00,616.5540540540541,18.006756756756758,30,9,TU,8
1540,452,2018-08-14 10:00:00,612.4026548672566,8.951327433628318,0,10,TU,8
1541,462,2018-08-14 10:30:00,573.2467532467532,32.65367965367965,30,10,TU,8
1542,439,2018-08-14 11:30:00,629.1594533029613,1.674259681093394,30,11,TU,8
1543,440,2018-08-14 12:00:00,617.5545454545454,36.24318181818182,0,12,TU,8
1544,406,2018-08-14 12:30:00,582.4827586206897,3.3817733990147785,30,12,TU,8
1545,405,2018-08-14 13:30:00,615.720987654321,5.891358024691358,30,13,TU,8
1546,436,2018-08-14 14:30:00,632.2477064220184,8.70183486238532,30,14,TU,8
1547,434,2018-08-14 15:00:00,615.5345622119816,35.08064516129032,0,15,TU,8
1548,433,2018-08-14 15:30:00,637.228637413395,69.97459584295612,30,15,TU,8
1549,323,2018-08-14 16:30:00,571.9938080495356,128.25077399380805,30,16,TU,8
1550,227,2018-08-14 17:30:00,607.1585903083701,208.3215859030837,30,17,TU,8
1551,192,2018-08-14 18:00:00,499.4739583333333,302.234375,0,18,TU,8
1552,158,2018-08-14 18:30:00,424.0822784810127,727.2974683544304,30,18,TU,8
1553,7,2018-08-14 19:00:00,305.14285714285717,27.857142857142858,0,19,TU,8
1554,4,2018-08-14 19:30:00,392.25,0.5,30,19,TU,8
1555,111,2018-08-15 07:30:00,445.72972972972974,4.18018018018018,30,7,W,8
1556,237,2018-08-15 08:00:00,547.3924050632911,3.3375527426160336,0,8,W,8
1557,308,2018-08-15 08:30:00,568.1558441558442,2.538961038961039,30,8,W,8
1558,430,2018-08-15 09:00:00,565.6209302325582,63.18372093023256,0,9,W,8
1559,472,2018-08-15 09:30:00,625.5508474576271,30.33686440677966,30,9,W,8
1560,487,2018-08-15 10:00:00,585.1149897330596,25.094455852156056,0,10,W,8
1561,438,2018-08-15 10:30:00,602.5936073059361,18.28082191780822,30,10,W,8
1562,431,2018-08-15 11:30:00,636.8816705336427,5.364269141531323,30,11,W,8
1563,460,2018-08-15 12:00:00,604.7652173913043,11.228260869565217,0,12,W,8
1564,456,2018-08-15 12:30:00,599.3223684210526,10.138157894736842,30,12,W,8
1565,521,2018-08-15 13:30:00,638.9904030710172,8.201535508637235,30,13,W,8
1566,442,2018-08-15 14:30:00,633.0927601809955,16.85972850678733,30,14,W,8
1567,410,2018-08-15 15:00:00,609.4853658536585,21.929268292682927,0,15,W,8
1568,417,2018-08-15 15:30:00,592.3884892086331,90.92326139088729,30,15,W,8
1569,363,2018-08-15 16:30:00,610.1074380165289,35.710743801652896,30,16,W,8
1570,196,2018-08-15 17:30:00,619.1989795918367,196.94387755102042,30,17,W,8
1571,194,2018-08-15 18:00:00,537.520618556701,271.7113402061856,0,18,W,8
1572,144,2018-08-15 18:30:00,439.19444444444446,378.2708333333333,30,18,W,8
1573,6,2018-08-15 19:00:00,220.33333333333334,0.3333333333333333,0,19,W,8
1574,5,2018-08-15 19:30:00,131.0,109.8,30,19,W,8
1575,93,2018-08-16 07:30:00,631.516129032258,2.967741935483871,30,7,TH,8
1576,223,2018-08-16 08:00:00,558.2107623318385,19.52914798206278,0,8,TH,8
1577,241,2018-08-16 08:30:00,669.8215767634855,2.4232365145228214,30,8,TH,8
1578,362,2018-08-16 09:00:00,659.3259668508288,49.79558011049724,0,9,TH,8
1579,366,2018-08-16 09:30:00,694.6284153005464,6.8743169398907105,30,9,TH,8
1580,366,2018-08-16 10:00:00,607.9890710382514,20.311475409836067,0,10,TH,8
1581,380,2018-08-16 10:30:00,611.3473684210526,6.255263157894737,30,10,TH,8
1582,423,2018-08-16 11:30:00,622.9716312056737,54.85579196217494,30,11,TH,8
1583,409,2018-08-16 12:00:00,615.6650366748166,58.98533007334963,0,12,TH,8
1584,380,2018-08-16 12:30:00,625.3105263157895,29.039473684210527,30,12,TH,8
1585,404,2018-08-16 13:30:00,622.3168316831683,8.982673267326733,30,13,TH,8
1586,391,2018-08-16 14:30:00,606.6265984654732,14.053708439897699,30,14,TH,8
1587,397,2018-08-16 15:00:00,603.5390428211587,33.97229219143577,0,15,TH,8
1588,346,2018-08-16 15:30:00,578.3236994219653,47.38728323699422,30,15,TH,8
1589,299,2018-08-16 16:30:00,560.8929765886288,94.56521739130434,30,16,TH,8
1590,173,2018-08-16 17:30:00,483.36416184971097,207.29479768786126,30,17,TH,8
1591,153,2018-08-16 18:00:00,493.7450980392157,298.66013071895424,0,18,TH,8
1592,127,2018-08-16 18:30:00,458.2204724409449,361.81102362204723,30,18,TH,8
1593,3,2018-08-16 19:00:00,222.66666666666666,0.3333333333333333,0,19,TH,8
1594,7,2018-08-16 19:30:00,326.7142857142857,3.857142857142857,30,19,TH,8
1595,105,2018-08-17 07:30:00,423.9714285714286,2.2666666666666666,30,7,F,8
1596,241,2018-08-17 08:00:00,576.3195020746888,1.6141078838174274,0,8,F,8
1597,319,2018-08-17 08:30:00,519.9780564263323,4.307210031347962,30,8,F,8
1598,396,2018-08-17 09:00:00,575.4671717171717,34.49747474747475,0,9,F,8
1599,462,2018-08-17 09:30:00,591.0800865800866,48.06060606060606,30,9,F,8
1600,392,2018-08-17 10:00:00,593.5994897959183,35.94897959183673,0,10,F,8
1601,414,2018-08-17 10:30:00,641.1739130434783,8.483091787439614,30,10,F,8
1602,408,2018-08-17 11:30:00,638.5637254901961,3.9436274509803924,30,11,F,8
1603,438,2018-08-17 12:00:00,625.7785388127854,35.91324200913242,0,12,F,8
1604,528,2018-08-17 12:30:00,638.4943181818181,21.37878787878788,30,12,F,8
1605,490,2018-08-17 13:30:00,605.630612244898,16.579591836734693,30,13,F,8
1606,445,2018-08-17 14:30:00,574.2314606741573,55.32808988764045,30,14,F,8
1607,451,2018-08-17 15:00:00,616.5521064301552,131.5720620842572,0,15,F,8
1608,366,2018-08-17 15:30:00,579.4918032786885,139.77322404371586,30,15,F,8
1609,312,2018-08-17 16:30:00,571.6314102564103,193.22435897435898,30,16,F,8
1610,181,2018-08-17 17:30:00,530.7458563535912,444.9060773480663,30,17,F,8
1611,169,2018-08-17 18:00:00,576.2189349112426,479.2899408284024,0,18,F,8
1612,109,2018-08-17 18:30:00,352.25688073394497,472.908256880734,30,18,F,8
1613,1,2018-08-17 19:00:00,158.0,1.0,0,19,F,8
1614,3,2018-08-17 19:30:00,211.33333333333334,4.666666666666667,30,19,F,8
1615,179,2018-08-20 07:30:00,472.7039106145251,10.921787709497206,30,7,M,8
1616,313,2018-08-20 08:00:00,542.44089456869,7.702875399361022,0,8,M,8
1617,329,2018-08-20 08:30:00,596.2644376899696,9.869300911854104,30,8,M,8
1618,453,2018-08-20 09:00:00,633.225165562914,73.47682119205298,0,9,M,8
1619,515,2018-08-20 09:30:00,625.2815533980582,136.55533980582524,30,9,M,8
1620,544,2018-08-20 10:00:00,574.4191176470588,200.63419117647058,0,10,M,8
1621,476,2018-08-20 10:30:00,627.5399159663865,78.90966386554622,30,10,M,8
1622,597,2018-08-20 11:30:00,591.8726968174204,206.81742043551088,30,11,M,8
1623,657,2018-08-20 12:00:00,559.6712328767123,290.1491628614916,0,12,M,8
1624,533,2018-08-20 12:30:00,630.7129455909944,264.75797373358347,30,12,M,8
1625,616,2018-08-20 13:30:00,559.0373376623377,167.125,30,13,M,8
1626,591,2018-08-20 14:30:00,550.3079526226734,231.2284263959391,30,14,M,8
1627,606,2018-08-20 15:00:00,543.2442244224422,356.63201320132015,0,15,M,8
1628,608,2018-08-20 15:30:00,564.0180921052631,410.94901315789474,30,15,M,8
1629,499,2018-08-20 16:30:00,539.3386773547094,514.3246492985973,30,16,M,8
1630,230,2018-08-20 17:30:00,617.0782608695653,405.02608695652174,30,17,M,8
1631,229,2018-08-20 18:00:00,530.5414847161572,371.9650655021834,0,18,M,8
1632,165,2018-08-20 18:30:00,442.8787878787879,354.07878787878786,30,18,M,8
1633,5,2018-08-20 19:00:00,9.4,0.2,0,19,M,8
1634,5,2018-08-20 19:30:00,432.6,184.4,30,19,M,8
1635,171,2018-08-21 07:30:00,496.32163742690057,28.140350877192983,30,7,TU,8
1636,252,2018-08-21 08:00:00,563.4484126984127,55.05555555555556,0,8,TU,8
1637,322,2018-08-21 08:30:00,567.8975155279503,4.909937888198757,30,8,TU,8
1638,486,2018-08-21 09:00:00,624.261316872428,108.1522633744856,0,9,TU,8
1639,521,2018-08-21 09:30:00,550.3589251439539,232.08637236084454,30,9,TU,8
1640,427,2018-08-21 10:00:00,603.7213114754098,109.40983606557377,0,10,TU,8
1641,474,2018-08-21 10:30:00,606.9831223628692,74.53586497890295,30,10,TU,8
1642,529,2018-08-21 11:30:00,608.2589792060492,69.59168241965973,30,11,TU,8
1643,576,2018-08-21 12:00:00,562.2204861111111,37.842013888888886,0,12,TU,8
1644,525,2018-08-21 12:30:00,642.5485714285714,85.99809523809523,30,12,TU,8
1645,495,2018-08-21 13:30:00,651.5111111111111,30.317171717171718,30,13,TU,8
1646,477,2018-08-21 14:30:00,632.9245283018868,19.358490566037737,30,14,TU,8
1647,456,2018-08-21 15:00:00,543.3618421052631,27.32236842105263,0,15,TU,8
1648,480,2018-08-21 15:30:00,575.9854166666667,41.17916666666667,30,15,TU,8
1649,288,2018-08-21 16:30:00,589.6319444444445,195.06597222222223,30,16,TU,8
1650,245,2018-08-21 17:30:00,566.1142857142858,139.27755102040817,30,17,TU,8
1651,165,2018-08-21 18:00:00,553.5515151515151,76.01212121212122,0,18,TU,8
1652,143,2018-08-21 18:30:00,497.4125874125874,86.2867132867133,30,18,TU,8
1653,4,2018-08-21 19:00:00,31.5,5.0,0,19,TU,8
1654,4,2018-08-21 19:30:00,67.5,11.25,30,19,TU,8
1655,101,2018-08-22 07:30:00,507.36633663366337,13.495049504950495,30,7,W,8
1656,256,2018-08-22 08:00:00,665.125,14.25390625,0,8,W,8
1657,284,2018-08-22 08:30:00,588.0880281690141,9.507042253521126,30,8,W,8
1658,468,2018-08-22 09:00:00,607.0470085470085,39.66025641025641,0,9,W,8
1659,505,2018-08-22 09:30:00,611.8257425742574,126.76237623762377,30,9,W,8
1660,478,2018-08-22 10:00:00,597.081589958159,103.50418410041841,0,10,W,8
1661,444,2018-08-22 10:30:00,611.5653153153153,15.157657657657658,30,10,W,8
1662,563,2018-08-22 11:30:00,603.8685612788632,95.09769094138544,30,11,W,8
1663,493,2018-08-22 12:00:00,571.2129817444219,73.44016227180528,0,12,W,8
1664,601,2018-08-22 12:30:00,550.4109816971713,132.3261231281198,30,12,W,8
1665,541,2018-08-22 13:30:00,633.3512014787431,109.38632162661737,30,13,W,8
1666,497,2018-08-22 14:30:00,579.6478873239437,150.30985915492957,30,14,W,8
1667,480,2018-08-22 15:00:00,542.8979166666667,191.72916666666666,0,15,W,8
1668,448,2018-08-22 15:30:00,570.8080357142857,87.296875,30,15,W,8
1669,373,2018-08-22 16:30:00,574.7640750670241,316.313672922252,30,16,W,8
1670,298,2018-08-22 17:30:00,572.8724832214765,376.61073825503354,30,17,W,8
1671,178,2018-08-22 18:00:00,525.5505617977528,310.55056179775283,0,18,W,8
1672,157,2018-08-22 18:30:00,479.11464968152865,124.37579617834395,30,18,W,8
1673,1,2018-08-22 19:30:00,601.0,14.0,30,19,W,8
1674,171,2018-08-23 07:30:00,537.8187134502924,4.175438596491228,30,7,TH,8
1675,297,2018-08-23 08:00:00,580.2323232323232,10.821548821548822,0,8,TH,8
1676,293,2018-08-23 08:30:00,705.4675767918088,7.686006825938566,30,8,TH,8
1677,420,2018-08-23 09:00:00,650.2166666666667,92.04523809523809,0,9,TH,8
1678,380,2018-08-23 09:30:00,633.9289473684211,105.74473684210527,30,9,TH,8
1679,431,2018-08-23 10:00:00,593.9605568445476,123.03248259860788,0,10,TH,8
1680,405,2018-08-23 10:30:00,604.6222222222223,11.950617283950617,30,10,TH,8
1681,454,2018-08-23 11:30:00,623.1651982378854,7.149779735682819,30,11,TH,8
1682,464,2018-08-23 12:00:00,619.364224137931,25.084051724137932,0,12,TH,8
1683,475,2018-08-23 12:30:00,596.9157894736842,49.82736842105263,30,12,TH,8
1684,483,2018-08-23 13:30:00,607.3913043478261,26.48033126293996,30,13,TH,8
1685,399,2018-08-23 14:30:00,626.2531328320802,71.45112781954887,30,14,TH,8
1686,392,2018-08-23 15:00:00,648.4566326530612,20.426020408163264,0,15,TH,8
1687,374,2018-08-23 15:30:00,648.1256684491979,50.25401069518717,30,15,TH,8
1688,280,2018-08-23 16:30:00,680.8,198.43928571428572,30,16,TH,8
1689,223,2018-08-23 17:30:00,526.1479820627802,365.37668161434976,30,17,TH,8
1690,155,2018-08-23 18:00:00,510.9161290322581,251.63225806451612,0,18,TH,8
1691,120,2018-08-23 18:30:00,628.2416666666667,2.0416666666666665,30,18,TH,8
1692,2,2018-08-23 19:30:00,560.0,5.0,30,19,TH,8
1693,108,2018-08-24 07:30:00,487.30555555555554,1.9351851851851851,30,7,F,8
1694,257,2018-08-24 08:00:00,553.3540856031128,32.221789883268485,0,8,F,8
1695,237,2018-08-24 08:30:00,627.1350210970464,16.9789029535865,30,8,F,8
1696,388,2018-08-24 09:00:00,631.6520618556701,96.85309278350516,0,9,F,8
1697,407,2018-08-24 09:30:00,656.5454545454545,33.125307125307124,30,9,F,8
1698,395,2018-08-24 10:00:00,649.5012658227848,32.845569620253166,0,10,F,8
1699,373,2018-08-24 10:30:00,640.6514745308311,11.171581769436997,30,10,F,8
1700,461,2018-08-24 11:30:00,676.5618221258135,38.54880694143167,30,11,F,8
1701,482,2018-08-24 12:00:00,609.9149377593361,8.91701244813278,0,12,F,8
1702,456,2018-08-24 12:30:00,658.578947368421,5.116228070175438,30,12,F,8
1703,451,2018-08-24 13:30:00,601.7694013303769,19.52549889135255,30,13,F,8
1704,405,2018-08-24 14:30:00,533.6617283950617,101.44197530864197,30,14,F,8
1705,435,2018-08-24 15:00:00,694.167816091954,53.29425287356322,0,15,F,8
1706,375,2018-08-24 15:30:00,622.864,127.39733333333334,30,15,F,8
1707,270,2018-08-24 16:30:00,543.2407407407408,215.1888888888889,30,16,F,8
1708,202,2018-08-24 17:30:00,525.6782178217821,204.1039603960396,30,17,F,8
1709,142,2018-08-24 18:00:00,585.1056338028169,118.92957746478874,0,18,F,8
1710,123,2018-08-24 18:30:00,492.9918699186992,28.772357723577237,30,18,F,8
1711,4,2018-08-24 19:00:00,62.25,219.75,0,19,F,8
1712,3,2018-08-24 19:30:00,247.0,0.6666666666666666,30,19,F,8
1713,132,2018-08-27 07:00:00,520.810606060606,34.43939393939394,0,7,M,8
1714,177,2018-08-27 07:30:00,504.52542372881356,1.9322033898305084,30,7,M,8
1715,382,2018-08-27 08:00:00,586.0130890052357,108.21204188481676,0,8,M,8
1716,374,2018-08-27 08:30:00,604.4304812834224,26.28342245989305,30,8,M,8
1717,598,2018-08-27 09:00:00,605.8311036789298,239.61872909698997,0,9,M,8
1718,490,2018-08-27 09:30:00,626.138775510204,379.365306122449,30,9,M,8
1719,583,2018-08-27 10:00:00,617.3550600343053,262.39451114922815,0,10,M,8
1720,577,2018-08-27 10:30:00,560.1126516464471,234.3847487001733,30,10,M,8
1721,670,2018-08-27 11:00:00,582.920895522388,269.10746268656715,0,11,M,8
1722,613,2018-08-27 11:30:00,568.2153344208809,304.394779771615,30,11,M,8
1723,656,2018-08-27 12:00:00,584.0685975609756,297.2682926829268,0,12,M,8
1724,611,2018-08-27 12:30:00,567.936170212766,342.73486088379707,30,12,M,8
1725,598,2018-08-27 13:00:00,534.5986622073578,222.8846153846154,0,13,M,8
1726,638,2018-08-27 13:30:00,574.705329153605,264.34326018808775,30,13,M,8
1727,622,2018-08-27 14:00:00,541.0980707395498,350.9646302250804,0,14,M,8
1728,559,2018-08-27 14:30:00,567.4293381037567,312.9660107334526,30,14,M,8
1729,545,2018-08-27 15:00:00,498.84587155963305,306.97614678899083,0,15,M,8
1730,547,2018-08-27 15:30:00,526.5539305301645,317.25411334552103,30,15,M,8
1731,453,2018-08-27 16:00:00,570.3620309050773,316.03973509933775,0,16,M,8
1732,416,2018-08-27 16:30:00,550.1201923076923,324.79086538461536,30,16,M,8
1733,488,2018-08-27 17:00:00,450.2581967213115,497.1803278688525,0,17,M,8
1734,335,2018-08-27 17:30:00,514.8298507462687,401.24776119402986,30,17,M,8
1735,251,2018-08-27 18:00:00,458.48605577689244,419.76892430278883,0,18,M,8
1736,183,2018-08-27 18:30:00,412.90710382513663,302.04918032786884,30,18,M,8
1737,6,2018-08-27 19:00:00,604.0,85.5,0,19,M,8
1738,6,2018-08-27 19:30:00,112.5,3.5,30,19,M,8
1739,61,2018-08-28 07:00:00,641.344262295082,4.475409836065574,0,7,TU,8
1740,99,2018-08-28 07:30:00,470.65656565656565,1.7373737373737375,30,7,TU,8
1741,274,2018-08-28 08:00:00,563.5875912408759,80.19343065693431,0,8,TU,8
1742,243,2018-08-28 08:30:00,600.1769547325102,32.30452674897119,30,8,TU,8
1743,459,2018-08-28 09:00:00,612.3289760348584,92.24400871459694,0,9,TU,8
1744,519,2018-08-28 09:30:00,556.131021194605,137.9961464354528,30,9,TU,8
1745,469,2018-08-28 10:00:00,611.0170575692964,118.76972281449893,0,10,TU,8
1746,442,2018-08-28 10:30:00,625.9366515837104,5.995475113122172,30,10,TU,8
1747,535,2018-08-28 11:00:00,584.0056074766355,29.914018691588787,0,11,TU,8
1748,539,2018-08-28 11:30:00,622.8831168831168,13.87012987012987,30,11,TU,8
1749,546,2018-08-28 12:00:00,549.2747252747253,63.25091575091575,0,12,TU,8
1750,454,2018-08-28 12:30:00,644.1806167400881,22.878854625550662,30,12,TU,8
1751,506,2018-08-28 13:00:00,620.3083003952569,53.4901185770751,0,13,TU,8
1752,514,2018-08-28 13:30:00,692.4299610894942,104.80739299610894,30,13,TU,8
1753,471,2018-08-28 14:00:00,625.6029723991508,34.6411889596603,0,14,TU,8
1754,492,2018-08-28 14:30:00,580.9674796747968,53.270325203252035,30,14,TU,8
1755,392,2018-08-28 15:00:00,622.5510204081633,21.15561224489796,0,15,TU,8
1756,434,2018-08-28 15:30:00,593.2741935483871,70.72350230414746,30,15,TU,8
1757,394,2018-08-28 16:00:00,631.7868020304569,189.88071065989848,0,16,TU,8
1758,417,2018-08-28 16:30:00,493.03836930455634,445.00479616306956,30,16,TU,8
1759,257,2018-08-28 17:00:00,523.4902723735408,467.2490272373541,0,17,TU,8
1760,269,2018-08-28 17:30:00,452.3977695167286,372.9814126394052,30,17,TU,8
1761,219,2018-08-28 18:00:00,509.6164383561644,390.26940639269407,0,18,TU,8
1762,160,2018-08-28 18:30:00,458.16875,201.6,30,18,TU,8
1763,7,2018-08-28 19:00:00,286.7142857142857,0.5714285714285714,0,19,TU,8
1764,4,2018-08-28 19:30:00,772.0,1.0,30,19,TU,8
1765,86,2018-08-29 07:00:00,373.27906976744185,2.383720930232558,0,7,W,8
1766,123,2018-08-29 07:30:00,558.219512195122,5.739837398373984,30,7,W,8
1767,234,2018-08-29 08:00:00,597.0299145299145,13.094017094017094,0,8,W,8
1768,229,2018-08-29 08:30:00,578.6200873362445,16.77292576419214,30,8,W,8
1769,435,2018-08-29 09:00:00,629.087356321839,26.577011494252872,0,9,W,8
1770,426,2018-08-29 09:30:00,643.4929577464789,3.6619718309859155,30,9,W,8
1771,396,2018-08-29 10:00:00,605.4823232323232,5.583333333333333,0,10,W,8
1772,413,2018-08-29 10:30:00,598.820823244552,33.91041162227603,30,10,W,8
1773,492,2018-08-29 11:00:00,589.9186991869918,34.83130081300813,0,11,W,8
1774,448,2018-08-29 11:30:00,614.2589285714286,34.776785714285715,30,11,W,8
1775,404,2018-08-29 12:00:00,620.8118811881188,3.4430693069306932,0,12,W,8
1776,435,2018-08-29 12:30:00,577.416091954023,21.836781609195402,30,12,W,8
1777,409,2018-08-29 13:00:00,616.7872860635697,8.613691931540343,0,13,W,8
1778,482,2018-08-29 13:30:00,646.1535269709543,9.83402489626556,30,13,W,8
1779,449,2018-08-29 14:00:00,632.1826280623608,12.915367483296214,0,14,W,8
1780,478,2018-08-29 14:30:00,599.6359832635983,46.16108786610879,30,14,W,8
1781,435,2018-08-29 15:00:00,612.5425287356322,14.901149425287356,0,15,W,8
1782,407,2018-08-29 15:30:00,618.3587223587224,42.73955773955774,30,15,W,8
1783,350,2018-08-29 16:00:00,640.3428571428572,42.38285714285714,0,16,W,8
1784,350,2018-08-29 16:30:00,619.3228571428572,55.18,30,16,W,8
1785,321,2018-08-29 17:00:00,647.3084112149533,254.29595015576325,0,17,W,8
1786,232,2018-08-29 17:30:00,570.1379310344828,275.7844827586207,30,17,W,8
1787,193,2018-08-29 18:00:00,513.9274611398964,218.1865284974093,0,18,W,8
1788,145,2018-08-29 18:30:00,492.42758620689654,303.1034482758621,30,18,W,8
1789,8,2018-08-29 19:00:00,318.125,23.25,0,19,W,8
1790,4,2018-08-29 19:30:00,159.5,0.5,30,19,W,8
1791,90,2018-08-30 07:00:00,503.6777777777778,3.8,0,7,TH,8
1792,112,2018-08-30 07:30:00,543.2232142857143,1.6964285714285714,30,7,TH,8
1793,211,2018-08-30 08:00:00,611.3838862559242,14.545023696682465,0,8,TH,8
1794,224,2018-08-30 08:30:00,663.0446428571429,10.446428571428571,30,8,TH,8
1795,401,2018-08-30 09:00:00,602.5835411471322,91.16708229426433,0,9,TH,8
1796,338,2018-08-30 09:30:00,583.9467455621302,26.866863905325445,30,9,TH,8
1797,420,2018-08-30 10:00:00,603.1738095238095,26.766666666666666,0,10,TH,8
1798,354,2018-08-30 10:30:00,487.95197740112997,2.926553672316384,30,10,TH,8
1799,396,2018-08-30 11:00:00,524.6136363636364,14.977272727272727,0,11,TH,8
1800,487,2018-08-30 11:30:00,541.9691991786448,19.78028747433265,30,11,TH,8
1801,518,2018-08-30 12:00:00,561.4073359073359,28.893822393822393,0,12,TH,8
1802,477,2018-08-30 12:30:00,622.5220125786163,29.72536687631027,30,12,TH,8
1803,413,2018-08-30 13:00:00,610.4309927360774,39.23970944309927,0,13,TH,8
1804,379,2018-08-30 13:30:00,584.2532981530343,37.031662269129285,30,13,TH,8
1805,404,2018-08-30 14:00:00,632.75,26.331683168316832,0,14,TH,8
1806,443,2018-08-30 14:30:00,589.5914221218961,37.306997742663654,30,14,TH,8
1807,414,2018-08-30 15:00:00,575.7850241545893,70.487922705314,0,15,TH,8
1808,391,2018-08-30 15:30:00,611.531969309463,49.907928388746804,30,15,TH,8
1809,344,2018-08-30 16:00:00,651.9796511627907,105.57848837209302,0,16,TH,8
1810,280,2018-08-30 16:30:00,635.5285714285715,129.64642857142857,30,16,TH,8
1811,320,2018-08-30 17:00:00,608.671875,252.925,0,17,TH,8
1812,260,2018-08-30 17:30:00,498.0230769230769,503.2423076923077,30,17,TH,8
1813,182,2018-08-30 18:00:00,440.0274725274725,427.96153846153845,0,18,TH,8
1814,124,2018-08-30 18:30:00,458.3306451612903,160.2016129032258,30,18,TH,8
1815,6,2018-08-30 19:00:00,397.8333333333333,0.3333333333333333,0,19,TH,8
1816,3,2018-08-30 19:30:00,103.66666666666667,0.6666666666666666,30,19,TH,8
1817,76,2018-08-31 07:00:00,437.19736842105266,2.013157894736842,0,7,F,8
1818,140,2018-08-31 07:30:00,391.4714285714286,2.65,30,7,F,8
1819,308,2018-08-31 08:00:00,550.4253246753246,7.659090909090909,0,8,F,8
1820,320,2018-08-31 08:30:00,603.128125,2.83125,30,8,F,8
1821,450,2018-08-31 09:00:00,559.7866666666666,25.173333333333332,0,9,F,8
1822,448,2018-08-31 09:30:00,591.3415178571429,104.72098214285714,30,9,F,8
1823,436,2018-08-31 10:00:00,665.0,158.0,0,10,F,8
1824,391,2018-08-31 10:30:00,632.997442455243,52.028132992327365,30,10,F,8
1825,486,2018-08-31 11:00:00,637.164609053498,52.288065843621396,0,11,F,8
1826,439,2018-08-31 11:30:00,583.5740318906606,83.09111617312072,30,11,F,8
1827,465,2018-08-31 12:00:00,606.8236559139785,16.40215053763441,0,12,F,8
1828,439,2018-08-31 12:30:00,552.9521640091116,114.64009111617312,30,12,F,8
1829,431,2018-08-31 13:00:00,563.8097447795824,191.97911832946636,0,13,F,8
1830,530,2018-08-31 13:30:00,566.2188679245284,143.87735849056602,30,13,F,8
1831,441,2018-08-31 14:00:00,599.2834467120182,101.41950113378685,0,14,F,8
1832,517,2018-08-31 14:30:00,599.9593810444874,189.8413926499033,30,14,F,8
1833,440,2018-08-31 15:00:00,574.0977272727273,269.4068181818182,0,15,F,8
1834,400,2018-08-31 15:30:00,640.6625,303.8525,30,15,F,8
1835,382,2018-08-31 16:00:00,575.9476439790576,331.3324607329843,0,16,F,8
1836,369,2018-08-31 16:30:00,529.970189701897,578.0027100271003,30,16,F,8
1837,311,2018-08-31 17:00:00,467.99356913183277,492.8392282958199,0,17,F,8
1838,275,2018-08-31 17:30:00,477.6218181818182,446.0109090909091,30,17,F,8
1839,165,2018-08-31 18:00:00,559.0666666666667,395.58181818181816,0,18,F,8
1840,122,2018-08-31 18:30:00,456.9754098360656,271.77868852459017,30,18,F,8
1841,2,2018-08-31 19:00:00,272.0,1.0,0,19,F,8
1842,4,2018-08-31 19:30:00,139.5,36.0,30,19,F,8
